shapeID,city,date,t,treated,post,treat_post,log_avg_rad,pop_density
VNM-ADM2-001,Hanoi,2022-01-01,1,0,0,0,2.3537,10081.0
VNM-ADM2-001,Hanoi,2022-02-01,2,0,0,0,2.337,10566.0
VNM-ADM2-001,Hanoi,2022-03-01,3,0,0,0,2.3524,12585.0
VNM-ADM2-001,Hanoi,2022-04-01,4,0,0,0,2.3609,12237.0
VNM-ADM2-001,Hanoi,2022-05-01,5,0,0,0,2.4168,13436.0
VNM-ADM2-001,Hanoi,2022-06-01,6,0,0,0,2.3174,10234.0
VNM-ADM2-001,Hanoi,2022-07-01,7,0,0,0,2.3731,5382.0
VNM-ADM2-001,Hanoi,2022-08-01,8,0,0,0,2.3445,2138.0
VNM-ADM2-001,Hanoi,2022-09-01,9,0,0,0,2.3467,6666.0
VNM-ADM2-001,Hanoi,2022-10-01,10,0,0,0,2.3751,10192.0
VNM-ADM2-001,Hanoi,2022-11-01,11,0,0,0,2.3076,9797.0
VNM-ADM2-001,Hanoi,2022-12-01,12,0,0,0,2.348,9870.0
VNM-ADM2-001,Hanoi,2023-01-01,13,0,0,0,2.3305,5528.0
VNM-ADM2-001,Hanoi,2023-02-01,14,0,0,0,2.3453,8367.0
VNM-ADM2-001,Hanoi,2023-03-01,15,0,0,0,2.4405,5469.0
VNM-ADM2-001,Hanoi,2023-04-01,16,0,0,0,2.3823,12556.0
VNM-ADM2-001,Hanoi,2023-05-01,17,0,0,0,2.4324,7681.0
VNM-ADM2-001,Hanoi,2023-06-01,18,0,0,0,2.4399,11589.0
VNM-ADM2-001,Hanoi,2023-07-01,19,0,0,0,2.3662,8037.0
VNM-ADM2-001,Hanoi,2023-08-01,20,0,0,0,2.4209,11140.0
VNM-ADM2-001,Hanoi,2023-09-01,21,0,0,0,2.4295,9519.0
VNM-ADM2-001,Hanoi,2023-10-01,22,0,0,0,2.389,10128.0
VNM-ADM2-001,Hanoi,2023-11-01,23,0,0,0,2.4114,10481.0
VNM-ADM2-001,Hanoi,2023-12-01,24,0,0,0,2.3321,6600.0
VNM-ADM2-001,Hanoi,2024-01-01,25,0,1,0,2.4359,9285.0
VNM-ADM2-001,Hanoi,2024-02-01,26,0,1,0,2.3904,11395.0
VNM-ADM2-001,Hanoi,2024-03-01,27,0,1,0,2.4237,9330.0
VNM-ADM2-001,Hanoi,2024-04-01,28,0,1,0,2.3871,10879.0
VNM-ADM2-001,Hanoi,2024-05-01,29,0,1,0,2.4746,12047.0
VNM-ADM2-001,Hanoi,2024-06-01,30,0,1,0,2.5101,9622.0
VNM-ADM2-001,Hanoi,2024-07-01,31,0,1,0,2.4126,7626.0
VNM-ADM2-001,Hanoi,2024-08-01,32,0,1,0,2.4141,12575.0
VNM-ADM2-001,Hanoi,2024-09-01,33,0,1,0,2.5023,12178.0
VNM-ADM2-001,Hanoi,2024-10-01,34,0,1,0,2.4663,6925.0
VNM-ADM2-001,Hanoi,2024-11-01,35,0,1,0,2.4549,9288.0
VNM-ADM2-001,Hanoi,2024-12-01,36,0,1,0,2.5277,10269.0
VNM-ADM2-002,Hanoi,2022-01-01,1,1,0,0,2.4784,11105.0
VNM-ADM2-002,Hanoi,2022-02-01,2,1,0,0,2.4155,12465.0
VNM-ADM2-002,Hanoi,2022-03-01,3,1,0,0,2.5612,6904.0
VNM-ADM2-002,Hanoi,2022-04-01,4,1,0,0,2.5395,12127.0
VNM-ADM2-002,Hanoi,2022-05-01,5,1,0,0,2.5376,11631.0
VNM-ADM2-002,Hanoi,2022-06-01,6,1,0,0,2.5348,10514.0
VNM-ADM2-002,Hanoi,2022-07-01,7,1,0,0,2.5404,9307.0
VNM-ADM2-002,Hanoi,2022-08-01,8,1,0,0,2.4691,10093.0
VNM-ADM2-002,Hanoi,2022-09-01,9,1,0,0,2.4168,7871.0
VNM-ADM2-002,Hanoi,2022-10-01,10,1,0,0,2.4974,11305.0
VNM-ADM2-002,Hanoi,2022-11-01,11,1,0,0,2.5505,7342.0
VNM-ADM2-002,Hanoi,2022-12-01,12,1,0,0,2.5181,14847.0
VNM-ADM2-002,Hanoi,2023-01-01,13,1,0,0,2.5293,4125.0
VNM-ADM2-002,Hanoi,2023-02-01,14,1,0,0,2.522,10828.0
VNM-ADM2-002,Hanoi,2023-03-01,15,1,0,0,2.5713,12384.0
VNM-ADM2-002,Hanoi,2023-04-01,16,1,0,0,2.5148,6978.0
VNM-ADM2-002,Hanoi,2023-05-01,17,1,0,0,2.555,9752.0
VNM-ADM2-002,Hanoi,2023-06-01,18,1,0,0,2.5289,13537.0
VNM-ADM2-002,Hanoi,2023-07-01,19,1,0,0,2.4832,12022.0
VNM-ADM2-002,Hanoi,2023-08-01,20,1,0,0,2.5322,9810.0
VNM-ADM2-002,Hanoi,2023-09-01,21,1,0,0,2.5409,9360.0
VNM-ADM2-002,Hanoi,2023-10-01,22,1,0,0,2.4998,12817.0
VNM-ADM2-002,Hanoi,2023-11-01,23,1,0,0,2.5097,12209.0
VNM-ADM2-002,Hanoi,2023-12-01,24,1,0,0,2.5757,13387.0
VNM-ADM2-002,Hanoi,2024-01-01,25,1,1,1,2.5926,7579.0
VNM-ADM2-002,Hanoi,2024-02-01,26,1,1,1,2.5895,9382.0
VNM-ADM2-002,Hanoi,2024-03-01,27,1,1,1,2.6491,11812.0
VNM-ADM2-002,Hanoi,2024-04-01,28,1,1,1,2.6335,8859.0
VNM-ADM2-002,Hanoi,2024-05-01,29,1,1,1,2.5951,8096.0
VNM-ADM2-002,Hanoi,2024-06-01,30,1,1,1,2.6849,14932.0
VNM-ADM2-002,Hanoi,2024-07-01,31,1,1,1,2.7338,9792.0
VNM-ADM2-002,Hanoi,2024-08-01,32,1,1,1,2.6599,12485.0
VNM-ADM2-002,Hanoi,2024-09-01,33,1,1,1,2.6292,9084.0
VNM-ADM2-002,Hanoi,2024-10-01,34,1,1,1,2.5993,10216.0
VNM-ADM2-002,Hanoi,2024-11-01,35,1,1,1,2.6614,11285.0
VNM-ADM2-002,Hanoi,2024-12-01,36,1,1,1,2.6519,8824.0
VNM-ADM2-003,Hanoi,2022-01-01,1,0,0,0,2.7797,5868.0
VNM-ADM2-003,Hanoi,2022-02-01,2,0,0,0,2.8255,9684.0
VNM-ADM2-003,Hanoi,2022-03-01,3,0,0,0,2.8008,7846.0
VNM-ADM2-003,Hanoi,2022-04-01,4,0,0,0,2.7771,3333.0
VNM-ADM2-003,Hanoi,2022-05-01,5,0,0,0,2.7835,11440.0
VNM-ADM2-003,Hanoi,2022-06-01,6,0,0,0,2.7501,4820.0
VNM-ADM2-003,Hanoi,2022-07-01,7,0,0,0,2.7992,11869.0
VNM-ADM2-003,Hanoi,2022-08-01,8,0,0,0,2.8016,11872.0
VNM-ADM2-003,Hanoi,2022-09-01,9,0,0,0,2.798,11235.0
VNM-ADM2-003,Hanoi,2022-10-01,10,0,0,0,2.8141,12321.0
VNM-ADM2-003,Hanoi,2022-11-01,11,0,0,0,2.7707,9760.0
VNM-ADM2-003,Hanoi,2022-12-01,12,0,0,0,2.8023,9097.0
VNM-ADM2-003,Hanoi,2023-01-01,13,0,0,0,2.7952,12944.0
VNM-ADM2-003,Hanoi,2023-02-01,14,0,0,0,2.8557,8474.0
VNM-ADM2-003,Hanoi,2023-03-01,15,0,0,0,2.8112,10907.0
VNM-ADM2-003,Hanoi,2023-04-01,16,0,0,0,2.8538,9672.0
VNM-ADM2-003,Hanoi,2023-05-01,17,0,0,0,2.8089,10145.0
VNM-ADM2-003,Hanoi,2023-06-01,18,0,0,0,2.8649,11970.0
VNM-ADM2-003,Hanoi,2023-07-01,19,0,0,0,2.8635,9864.0
VNM-ADM2-003,Hanoi,2023-08-01,20,0,0,0,2.8994,9369.0
VNM-ADM2-003,Hanoi,2023-09-01,21,0,0,0,2.8542,9754.0
VNM-ADM2-003,Hanoi,2023-10-01,22,0,0,0,2.8407,10464.0
VNM-ADM2-003,Hanoi,2023-11-01,23,0,0,0,2.8819,8637.0
VNM-ADM2-003,Hanoi,2023-12-01,24,0,0,0,2.8563,6308.0
VNM-ADM2-003,Hanoi,2024-01-01,25,0,1,0,2.8486,10138.0
VNM-ADM2-003,Hanoi,2024-02-01,26,0,1,0,2.8565,9649.0
VNM-ADM2-003,Hanoi,2024-03-01,27,0,1,0,2.9057,9871.0
VNM-ADM2-003,Hanoi,2024-04-01,28,0,1,0,2.9008,14888.0
VNM-ADM2-003,Hanoi,2024-05-01,29,0,1,0,2.8835,14974.0
VNM-ADM2-003,Hanoi,2024-06-01,30,0,1,0,2.8362,6052.0
VNM-ADM2-003,Hanoi,2024-07-01,31,0,1,0,2.8588,7746.0
VNM-ADM2-003,Hanoi,2024-08-01,32,0,1,0,2.8227,7293.0
VNM-ADM2-003,Hanoi,2024-09-01,33,0,1,0,2.8266,8648.0
VNM-ADM2-003,Hanoi,2024-10-01,34,0,1,0,2.8804,9390.0
VNM-ADM2-003,Hanoi,2024-11-01,35,0,1,0,2.8081,9079.0
VNM-ADM2-003,Hanoi,2024-12-01,36,0,1,0,2.9001,10823.0
VNM-ADM2-004,Hanoi,2022-01-01,1,0,0,0,2.4905,15936.0
VNM-ADM2-004,Hanoi,2022-02-01,2,0,0,0,2.5112,13512.0
VNM-ADM2-004,Hanoi,2022-03-01,3,0,0,0,2.4851,12488.0
VNM-ADM2-004,Hanoi,2022-04-01,4,0,0,0,2.4442,10860.0
VNM-ADM2-004,Hanoi,2022-05-01,5,0,0,0,2.4857,8168.0
VNM-ADM2-004,Hanoi,2022-06-01,6,0,0,0,2.5379,8204.0
VNM-ADM2-004,Hanoi,2022-07-01,7,0,0,0,2.5839,15267.0
VNM-ADM2-004,Hanoi,2022-08-01,8,0,0,0,2.5591,7928.0
VNM-ADM2-004,Hanoi,2022-09-01,9,0,0,0,2.5064,12531.0
VNM-ADM2-004,Hanoi,2022-10-01,10,0,0,0,2.5037,10022.0
VNM-ADM2-004,Hanoi,2022-11-01,11,0,0,0,2.4847,6320.0
VNM-ADM2-004,Hanoi,2022-12-01,12,0,0,0,2.5383,11246.0
VNM-ADM2-004,Hanoi,2023-01-01,13,0,0,0,2.5173,10788.0
VNM-ADM2-004,Hanoi,2023-02-01,14,0,0,0,2.5508,10200.0
VNM-ADM2-004,Hanoi,2023-03-01,15,0,0,0,2.5775,7814.0
VNM-ADM2-004,Hanoi,2023-04-01,16,0,0,0,2.5692,12344.0
VNM-ADM2-004,Hanoi,2023-05-01,17,0,0,0,2.5216,15392.0
VNM-ADM2-004,Hanoi,2023-06-01,18,0,0,0,2.5459,4755.0
VNM-ADM2-004,Hanoi,2023-07-01,19,0,0,0,2.471,10442.0
VNM-ADM2-004,Hanoi,2023-08-01,20,0,0,0,2.5629,8711.0
VNM-ADM2-004,Hanoi,2023-09-01,21,0,0,0,2.5155,9169.0
VNM-ADM2-004,Hanoi,2023-10-01,22,0,0,0,2.5871,7934.0
VNM-ADM2-004,Hanoi,2023-11-01,23,0,0,0,2.5862,12713.0
VNM-ADM2-004,Hanoi,2023-12-01,24,0,0,0,2.5812,13522.0
VNM-ADM2-004,Hanoi,2024-01-01,25,0,1,0,2.6027,8121.0
VNM-ADM2-004,Hanoi,2024-02-01,26,0,1,0,2.5407,12261.0
VNM-ADM2-004,Hanoi,2024-03-01,27,0,1,0,2.6419,6615.0
VNM-ADM2-004,Hanoi,2024-04-01,28,0,1,0,2.558,10142.0
VNM-ADM2-004,Hanoi,2024-05-01,29,0,1,0,2.5847,13227.0
VNM-ADM2-004,Hanoi,2024-06-01,30,0,1,0,2.6593,9398.0
VNM-ADM2-004,Hanoi,2024-07-01,31,0,1,0,2.5873,4003.0
VNM-ADM2-004,Hanoi,2024-08-01,32,0,1,0,2.6059,8745.0
VNM-ADM2-004,Hanoi,2024-09-01,33,0,1,0,2.517,11849.0
VNM-ADM2-004,Hanoi,2024-10-01,34,0,1,0,2.6118,14220.0
VNM-ADM2-004,Hanoi,2024-11-01,35,0,1,0,2.6383,12957.0
VNM-ADM2-004,Hanoi,2024-12-01,36,0,1,0,2.594,8150.0
VNM-ADM2-005,Hanoi,2022-01-01,1,0,0,0,2.9396,7037.0
VNM-ADM2-005,Hanoi,2022-02-01,2,0,0,0,2.8771,12682.0
VNM-ADM2-005,Hanoi,2022-03-01,3,0,0,0,2.8729,9127.0
VNM-ADM2-005,Hanoi,2022-04-01,4,0,0,0,2.8972,7525.0
VNM-ADM2-005,Hanoi,2022-05-01,5,0,0,0,2.8944,13765.0
VNM-ADM2-005,Hanoi,2022-06-01,6,0,0,0,2.9358,6334.0
VNM-ADM2-005,Hanoi,2022-07-01,7,0,0,0,2.9389,6280.0
VNM-ADM2-005,Hanoi,2022-08-01,8,0,0,0,2.9135,7394.0
VNM-ADM2-005,Hanoi,2022-09-01,9,0,0,0,2.9191,16797.0
VNM-ADM2-005,Hanoi,2022-10-01,10,0,0,0,2.897,12346.0
VNM-ADM2-005,Hanoi,2022-11-01,11,0,0,0,2.9455,6353.0
VNM-ADM2-005,Hanoi,2022-12-01,12,0,0,0,2.8864,12952.0
VNM-ADM2-005,Hanoi,2023-01-01,13,0,0,0,2.917,10760.0
VNM-ADM2-005,Hanoi,2023-02-01,14,0,0,0,2.89,7031.0
VNM-ADM2-005,Hanoi,2023-03-01,15,0,0,0,2.9527,5683.0
VNM-ADM2-005,Hanoi,2023-04-01,16,0,0,0,2.9867,6430.0
VNM-ADM2-005,Hanoi,2023-05-01,17,0,0,0,2.9847,11570.0
VNM-ADM2-005,Hanoi,2023-06-01,18,0,0,0,2.8942,14129.0
VNM-ADM2-005,Hanoi,2023-07-01,19,0,0,0,2.9541,11031.0
VNM-ADM2-005,Hanoi,2023-08-01,20,0,0,0,2.9825,14271.0
VNM-ADM2-005,Hanoi,2023-09-01,21,0,0,0,2.975,9685.0
VNM-ADM2-005,Hanoi,2023-10-01,22,0,0,0,2.9366,6847.0
VNM-ADM2-005,Hanoi,2023-11-01,23,0,0,0,2.9835,13087.0
VNM-ADM2-005,Hanoi,2023-12-01,24,0,0,0,2.9865,6748.0
VNM-ADM2-005,Hanoi,2024-01-01,25,0,1,0,2.9623,7403.0
VNM-ADM2-005,Hanoi,2024-02-01,26,0,1,0,3.0417,10277.0
VNM-ADM2-005,Hanoi,2024-03-01,27,0,1,0,2.9901,-478.0
VNM-ADM2-005,Hanoi,2024-04-01,28,0,1,0,2.979,12587.0
VNM-ADM2-005,Hanoi,2024-05-01,29,0,1,0,3.0001,13817.0
VNM-ADM2-005,Hanoi,2024-06-01,30,0,1,0,2.9782,7324.0
VNM-ADM2-005,Hanoi,2024-07-01,31,0,1,0,2.987,9172.0
VNM-ADM2-005,Hanoi,2024-08-01,32,0,1,0,3.032,13646.0
VNM-ADM2-005,Hanoi,2024-09-01,33,0,1,0,2.9726,9604.0
VNM-ADM2-005,Hanoi,2024-10-01,34,0,1,0,2.964,10285.0
VNM-ADM2-005,Hanoi,2024-11-01,35,0,1,0,2.8693,10172.0
VNM-ADM2-005,Hanoi,2024-12-01,36,0,1,0,2.9835,10337.0
VNM-ADM2-006,Hanoi,2022-01-01,1,0,0,0,1.6959,9097.0
VNM-ADM2-006,Hanoi,2022-02-01,2,0,0,0,1.6938,7098.0
VNM-ADM2-006,Hanoi,2022-03-01,3,0,0,0,1.6716,8207.0
VNM-ADM2-006,Hanoi,2022-04-01,4,0,0,0,1.7421,9303.0
VNM-ADM2-006,Hanoi,2022-05-01,5,0,0,0,1.771,10040.0
VNM-ADM2-006,Hanoi,2022-06-01,6,0,0,0,1.6657,8874.0
VNM-ADM2-006,Hanoi,2022-07-01,7,0,0,0,1.7071,8859.0
VNM-ADM2-006,Hanoi,2022-08-01,8,0,0,0,1.6487,8672.0
VNM-ADM2-006,Hanoi,2022-09-01,9,0,0,0,1.7158,11206.0
VNM-ADM2-006,Hanoi,2022-10-01,10,0,0,0,1.6293,11709.0
VNM-ADM2-006,Hanoi,2022-11-01,11,0,0,0,1.7872,8914.0
VNM-ADM2-006,Hanoi,2022-12-01,12,0,0,0,1.786,12075.0
VNM-ADM2-006,Hanoi,2023-01-01,13,0,0,0,1.733,8708.0
VNM-ADM2-006,Hanoi,2023-02-01,14,0,0,0,1.767,9384.0
VNM-ADM2-006,Hanoi,2023-03-01,15,0,0,0,1.7588,5163.0
VNM-ADM2-006,Hanoi,2023-04-01,16,0,0,0,1.7833,11604.0
VNM-ADM2-006,Hanoi,2023-05-01,17,0,0,0,1.7148,4199.0
VNM-ADM2-006,Hanoi,2023-06-01,18,0,0,0,1.7735,10792.0
VNM-ADM2-006,Hanoi,2023-07-01,19,0,0,0,1.762,8601.0
VNM-ADM2-006,Hanoi,2023-08-01,20,0,0,0,1.8082,6176.0
VNM-ADM2-006,Hanoi,2023-09-01,21,0,0,0,1.7641,6022.0
VNM-ADM2-006,Hanoi,2023-10-01,22,0,0,0,1.7023,11200.0
VNM-ADM2-006,Hanoi,2023-11-01,23,0,0,0,1.7311,14678.0
VNM-ADM2-006,Hanoi,2023-12-01,24,0,0,0,1.7135,10540.0
VNM-ADM2-006,Hanoi,2024-01-01,25,0,1,0,1.8434,8205.0
VNM-ADM2-006,Hanoi,2024-02-01,26,0,1,0,1.7849,8979.0
VNM-ADM2-006,Hanoi,2024-03-01,27,0,1,0,1.808,14258.0
VNM-ADM2-006,Hanoi,2024-04-01,28,0,1,0,1.7989,7695.0
VNM-ADM2-006,Hanoi,2024-05-01,29,0,1,0,1.7873,3550.0
VNM-ADM2-006,Hanoi,2024-06-01,30,0,1,0,1.8052,7259.0
VNM-ADM2-006,Hanoi,2024-07-01,31,0,1,0,1.7901,14369.0
VNM-ADM2-006,Hanoi,2024-08-01,32,0,1,0,1.7236,9411.0
VNM-ADM2-006,Hanoi,2024-09-01,33,0,1,0,1.8907,11678.0
VNM-ADM2-006,Hanoi,2024-10-01,34,0,1,0,1.7383,10027.0
VNM-ADM2-006,Hanoi,2024-11-01,35,0,1,0,1.8033,11854.0
VNM-ADM2-006,Hanoi,2024-12-01,36,0,1,0,1.8108,7652.0
VNM-ADM2-007,Hanoi,2022-01-01,1,0,0,0,2.767,6713.0
VNM-ADM2-007,Hanoi,2022-02-01,2,0,0,0,2.7807,10504.0
VNM-ADM2-007,Hanoi,2022-03-01,3,0,0,0,2.7478,4541.0
VNM-ADM2-007,Hanoi,2022-04-01,4,0,0,0,2.7746,16094.0
VNM-ADM2-007,Hanoi,2022-05-01,5,0,0,0,2.8241,11319.0
VNM-ADM2-007,Hanoi,2022-06-01,6,0,0,0,2.8058,8677.0
VNM-ADM2-007,Hanoi,2022-07-01,7,0,0,0,2.8206,9669.0
VNM-ADM2-007,Hanoi,2022-08-01,8,0,0,0,2.8425,9585.0
VNM-ADM2-007,Hanoi,2022-09-01,9,0,0,0,2.7331,8674.0
VNM-ADM2-007,Hanoi,2022-10-01,10,0,0,0,2.7413,13743.0
VNM-ADM2-007,Hanoi,2022-11-01,11,0,0,0,2.7791,8060.0
VNM-ADM2-007,Hanoi,2022-12-01,12,0,0,0,2.7915,7837.0
VNM-ADM2-007,Hanoi,2023-01-01,13,0,0,0,2.7374,8745.0
VNM-ADM2-007,Hanoi,2023-02-01,14,0,0,0,2.8237,13422.0
VNM-ADM2-007,Hanoi,2023-03-01,15,0,0,0,2.8094,11214.0
VNM-ADM2-007,Hanoi,2023-04-01,16,0,0,0,2.8503,10858.0
VNM-ADM2-007,Hanoi,2023-05-01,17,0,0,0,2.8996,6041.0
VNM-ADM2-007,Hanoi,2023-06-01,18,0,0,0,2.8512,8753.0
VNM-ADM2-007,Hanoi,2023-07-01,19,0,0,0,2.8323,9719.0
VNM-ADM2-007,Hanoi,2023-08-01,20,0,0,0,2.8487,11713.0
VNM-ADM2-007,Hanoi,2023-09-01,21,0,0,0,2.7991,7985.0
VNM-ADM2-007,Hanoi,2023-10-01,22,0,0,0,2.8367,7861.0
VNM-ADM2-007,Hanoi,2023-11-01,23,0,0,0,2.7966,11185.0
VNM-ADM2-007,Hanoi,2023-12-01,24,0,0,0,2.8213,8122.0
VNM-ADM2-007,Hanoi,2024-01-01,25,0,1,0,2.8741,12307.0
VNM-ADM2-007,Hanoi,2024-02-01,26,0,1,0,2.9055,11043.0
VNM-ADM2-007,Hanoi,2024-03-01,27,0,1,0,2.9254,12421.0
VNM-ADM2-007,Hanoi,2024-04-01,28,0,1,0,2.9252,9116.0
VNM-ADM2-007,Hanoi,2024-05-01,29,0,1,0,2.9036,12082.0
VNM-ADM2-007,Hanoi,2024-06-01,30,0,1,0,2.9149,11745.0
VNM-ADM2-007,Hanoi,2024-07-01,31,0,1,0,2.9211,9565.0
VNM-ADM2-007,Hanoi,2024-08-01,32,0,1,0,2.8691,10004.0
VNM-ADM2-007,Hanoi,2024-09-01,33,0,1,0,2.8644,10299.0
VNM-ADM2-007,Hanoi,2024-10-01,34,0,1,0,2.9198,5904.0
VNM-ADM2-007,Hanoi,2024-11-01,35,0,1,0,2.9217,9941.0
VNM-ADM2-007,Hanoi,2024-12-01,36,0,1,0,2.8266,8934.0
VNM-ADM2-008,Hanoi,2022-01-01,1,0,0,0,2.267,8496.0
VNM-ADM2-008,Hanoi,2022-02-01,2,0,0,0,2.2377,15943.0
VNM-ADM2-008,Hanoi,2022-03-01,3,0,0,0,2.2882,9600.0
VNM-ADM2-008,Hanoi,2022-04-01,4,0,0,0,2.2982,7089.0
VNM-ADM2-008,Hanoi,2022-05-01,5,0,0,0,2.3336,10965.0
VNM-ADM2-008,Hanoi,2022-06-01,6,0,0,0,2.3521,12734.0
VNM-ADM2-008,Hanoi,2022-07-01,7,0,0,0,2.3804,10486.0
VNM-ADM2-008,Hanoi,2022-08-01,8,0,0,0,2.2952,8563.0
VNM-ADM2-008,Hanoi,2022-09-01,9,0,0,0,2.28,6801.0
VNM-ADM2-008,Hanoi,2022-10-01,10,0,0,0,2.2312,10515.0
VNM-ADM2-008,Hanoi,2022-11-01,11,0,0,0,2.2636,10130.0
VNM-ADM2-008,Hanoi,2022-12-01,12,0,0,0,2.3952,13892.0
VNM-ADM2-008,Hanoi,2023-01-01,13,0,0,0,2.3302,10712.0
VNM-ADM2-008,Hanoi,2023-02-01,14,0,0,0,2.3495,7944.0
VNM-ADM2-008,Hanoi,2023-03-01,15,0,0,0,2.2996,8899.0
VNM-ADM2-008,Hanoi,2023-04-01,16,0,0,0,2.2998,11957.0
VNM-ADM2-008,Hanoi,2023-05-01,17,0,0,0,2.3725,10094.0
VNM-ADM2-008,Hanoi,2023-06-01,18,0,0,0,2.3409,9307.0
VNM-ADM2-008,Hanoi,2023-07-01,19,0,0,0,2.3421,10267.0
VNM-ADM2-008,Hanoi,2023-08-01,20,0,0,0,2.3852,9276.0
VNM-ADM2-008,Hanoi,2023-09-01,21,0,0,0,2.4087,13124.0
VNM-ADM2-008,Hanoi,2023-10-01,22,0,0,0,2.3339,7987.0
VNM-ADM2-008,Hanoi,2023-11-01,23,0,0,0,2.4062,13426.0
VNM-ADM2-008,Hanoi,2023-12-01,24,0,0,0,2.3378,5106.0
VNM-ADM2-008,Hanoi,2024-01-01,25,0,1,0,2.3882,7408.0
VNM-ADM2-008,Hanoi,2024-02-01,26,0,1,0,2.3398,9353.0
VNM-ADM2-008,Hanoi,2024-03-01,27,0,1,0,2.3672,11919.0
VNM-ADM2-008,Hanoi,2024-04-01,28,0,1,0,2.3832,14955.0
VNM-ADM2-008,Hanoi,2024-05-01,29,0,1,0,2.432,7182.0
VNM-ADM2-008,Hanoi,2024-06-01,30,0,1,0,2.3929,6335.0
VNM-ADM2-008,Hanoi,2024-07-01,31,0,1,0,2.3927,6818.0
VNM-ADM2-008,Hanoi,2024-08-01,32,0,1,0,2.3832,10393.0
VNM-ADM2-008,Hanoi,2024-09-01,33,0,1,0,2.3731,7884.0
VNM-ADM2-008,Hanoi,2024-10-01,34,0,1,0,2.3365,9128.0
VNM-ADM2-008,Hanoi,2024-11-01,35,0,1,0,2.3655,9697.0
VNM-ADM2-008,Hanoi,2024-12-01,36,0,1,0,2.4175,11974.0
VNM-ADM2-009,Hanoi,2022-01-01,1,1,0,0,1.7826,12533.0
VNM-ADM2-009,Hanoi,2022-02-01,2,1,0,0,1.7624,11839.0
VNM-ADM2-009,Hanoi,2022-03-01,3,1,0,0,1.7982,13209.0
VNM-ADM2-009,Hanoi,2022-04-01,4,1,0,0,1.7812,8912.0
VNM-ADM2-009,Hanoi,2022-05-01,5,1,0,0,1.7969,8507.0
VNM-ADM2-009,Hanoi,2022-06-01,6,1,0,0,1.7957,9865.0
VNM-ADM2-009,Hanoi,2022-07-01,7,1,0,0,1.839,6252.0
VNM-ADM2-009,Hanoi,2022-08-01,8,1,0,0,1.7981,11443.0
VNM-ADM2-009,Hanoi,2022-09-01,9,1,0,0,1.8624,6450.0
VNM-ADM2-009,Hanoi,2022-10-01,10,1,0,0,1.8465,7869.0
VNM-ADM2-009,Hanoi,2022-11-01,11,1,0,0,1.8465,12007.0
VNM-ADM2-009,Hanoi,2022-12-01,12,1,0,0,1.8026,11658.0
VNM-ADM2-009,Hanoi,2023-01-01,13,1,0,0,1.8093,8976.0
VNM-ADM2-009,Hanoi,2023-02-01,14,1,0,0,1.8565,10630.0
VNM-ADM2-009,Hanoi,2023-03-01,15,1,0,0,1.8647,4324.0
VNM-ADM2-009,Hanoi,2023-04-01,16,1,0,0,1.8524,11994.0
VNM-ADM2-009,Hanoi,2023-05-01,17,1,0,0,1.7836,9909.0
VNM-ADM2-009,Hanoi,2023-06-01,18,1,0,0,1.8604,3477.0
VNM-ADM2-009,Hanoi,2023-07-01,19,1,0,0,1.9149,8823.0
VNM-ADM2-009,Hanoi,2023-08-01,20,1,0,0,1.8875,8821.0
VNM-ADM2-009,Hanoi,2023-09-01,21,1,0,0,1.84,12147.0
VNM-ADM2-009,Hanoi,2023-10-01,22,1,0,0,1.899,13324.0
VNM-ADM2-009,Hanoi,2023-11-01,23,1,0,0,1.844,9377.0
VNM-ADM2-009,Hanoi,2023-12-01,24,1,0,0,1.9093,14504.0
VNM-ADM2-009,Hanoi,2024-01-01,25,1,1,1,1.8746,11499.0
VNM-ADM2-009,Hanoi,2024-02-01,26,1,1,1,1.9377,8982.0
VNM-ADM2-009,Hanoi,2024-03-01,27,1,1,1,1.9355,10457.0
VNM-ADM2-009,Hanoi,2024-04-01,28,1,1,1,1.9565,8604.0
VNM-ADM2-009,Hanoi,2024-05-01,29,1,1,1,1.9725,8030.0
VNM-ADM2-009,Hanoi,2024-06-01,30,1,1,1,1.9599,10047.0
VNM-ADM2-009,Hanoi,2024-07-01,31,1,1,1,1.9222,12118.0
VNM-ADM2-009,Hanoi,2024-08-01,32,1,1,1,2.0099,7692.0
VNM-ADM2-009,Hanoi,2024-09-01,33,1,1,1,1.9372,7533.0
VNM-ADM2-009,Hanoi,2024-10-01,34,1,1,1,1.9847,9660.0
VNM-ADM2-009,Hanoi,2024-11-01,35,1,1,1,2.0188,9378.0
VNM-ADM2-009,Hanoi,2024-12-01,36,1,1,1,1.9666,12441.0
VNM-ADM2-010,Hanoi,2022-01-01,1,0,0,0,2.2726,11480.0
VNM-ADM2-010,Hanoi,2022-02-01,2,0,0,0,2.3378,10973.0
VNM-ADM2-010,Hanoi,2022-03-01,3,0,0,0,2.3252,13043.0
VNM-ADM2-010,Hanoi,2022-04-01,4,0,0,0,2.2807,11823.0
VNM-ADM2-010,Hanoi,2022-05-01,5,0,0,0,2.336,11284.0
VNM-ADM2-010,Hanoi,2022-06-01,6,0,0,0,2.3302,9916.0
VNM-ADM2-010,Hanoi,2022-07-01,7,0,0,0,2.3524,11197.0
VNM-ADM2-010,Hanoi,2022-08-01,8,0,0,0,2.3364,9563.0
VNM-ADM2-010,Hanoi,2022-09-01,9,0,0,0,2.2738,9651.0
VNM-ADM2-010,Hanoi,2022-10-01,10,0,0,0,2.3014,9695.0
VNM-ADM2-010,Hanoi,2022-11-01,11,0,0,0,2.3544,8622.0
VNM-ADM2-010,Hanoi,2022-12-01,12,0,0,0,2.3452,13535.0
VNM-ADM2-010,Hanoi,2023-01-01,13,0,0,0,2.3145,15253.0
VNM-ADM2-010,Hanoi,2023-02-01,14,0,0,0,2.412,13017.0
VNM-ADM2-010,Hanoi,2023-03-01,15,0,0,0,2.3584,6616.0
VNM-ADM2-010,Hanoi,2023-04-01,16,0,0,0,2.3438,5789.0
VNM-ADM2-010,Hanoi,2023-05-01,17,0,0,0,2.3269,10435.0
VNM-ADM2-010,Hanoi,2023-06-01,18,0,0,0,2.3328,7685.0
VNM-ADM2-010,Hanoi,2023-07-01,19,0,0,0,2.3628,6296.0
VNM-ADM2-010,Hanoi,2023-08-01,20,0,0,0,2.3793,5764.0
VNM-ADM2-010,Hanoi,2023-09-01,21,0,0,0,2.3364,8334.0
VNM-ADM2-010,Hanoi,2023-10-01,22,0,0,0,2.3375,10717.0
VNM-ADM2-010,Hanoi,2023-11-01,23,0,0,0,2.2875,11113.0
VNM-ADM2-010,Hanoi,2023-12-01,24,0,0,0,2.3631,5655.0
VNM-ADM2-010,Hanoi,2024-01-01,25,0,1,0,2.3546,11985.0
VNM-ADM2-010,Hanoi,2024-02-01,26,0,1,0,2.3624,10706.0
VNM-ADM2-010,Hanoi,2024-03-01,27,0,1,0,2.4336,12231.0
VNM-ADM2-010,Hanoi,2024-04-01,28,0,1,0,2.4565,8500.0
VNM-ADM2-010,Hanoi,2024-05-01,29,0,1,0,2.3911,11958.0
VNM-ADM2-010,Hanoi,2024-06-01,30,0,1,0,2.4115,8491.0
VNM-ADM2-010,Hanoi,2024-07-01,31,0,1,0,2.3698,11700.0
VNM-ADM2-010,Hanoi,2024-08-01,32,0,1,0,2.4578,11261.0
VNM-ADM2-010,Hanoi,2024-09-01,33,0,1,0,2.4286,7807.0
VNM-ADM2-010,Hanoi,2024-10-01,34,0,1,0,2.3779,14444.0
VNM-ADM2-010,Hanoi,2024-11-01,35,0,1,0,2.4362,11778.0
VNM-ADM2-010,Hanoi,2024-12-01,36,0,1,0,2.4176,6749.0
VNM-ADM2-011,Hanoi,2022-01-01,1,0,0,0,2.6642,7789.0
VNM-ADM2-011,Hanoi,2022-02-01,2,0,0,0,2.6998,13756.0
VNM-ADM2-011,Hanoi,2022-03-01,3,0,0,0,2.6977,7172.0
VNM-ADM2-011,Hanoi,2022-04-01,4,0,0,0,2.655,11291.0
VNM-ADM2-011,Hanoi,2022-05-01,5,0,0,0,2.7366,8028.0
VNM-ADM2-011,Hanoi,2022-06-01,6,0,0,0,2.7068,10515.0
VNM-ADM2-011,Hanoi,2022-07-01,7,0,0,0,2.6714,16178.0
VNM-ADM2-011,Hanoi,2022-08-01,8,0,0,0,2.6938,10777.0
VNM-ADM2-011,Hanoi,2022-09-01,9,0,0,0,2.6786,7465.0
VNM-ADM2-011,Hanoi,2022-10-01,10,0,0,0,2.7225,10389.0
VNM-ADM2-011,Hanoi,2022-11-01,11,0,0,0,2.72,13110.0
VNM-ADM2-011,Hanoi,2022-12-01,12,0,0,0,2.6473,8580.0
VNM-ADM2-011,Hanoi,2023-01-01,13,0,0,0,2.6596,11070.0
VNM-ADM2-011,Hanoi,2023-02-01,14,0,0,0,2.7257,10729.0
VNM-ADM2-011,Hanoi,2023-03-01,15,0,0,0,2.7046,13294.0
VNM-ADM2-011,Hanoi,2023-04-01,16,0,0,0,2.7081,10776.0
VNM-ADM2-011,Hanoi,2023-05-01,17,0,0,0,2.7934,11884.0
VNM-ADM2-011,Hanoi,2023-06-01,18,0,0,0,2.7788,7546.0
VNM-ADM2-011,Hanoi,2023-07-01,19,0,0,0,2.7603,11701.0
VNM-ADM2-011,Hanoi,2023-08-01,20,0,0,0,2.8034,7576.0
VNM-ADM2-011,Hanoi,2023-09-01,21,0,0,0,2.8004,7834.0
VNM-ADM2-011,Hanoi,2023-10-01,22,0,0,0,2.7464,8367.0
VNM-ADM2-011,Hanoi,2023-11-01,23,0,0,0,2.7455,4830.0
VNM-ADM2-011,Hanoi,2023-12-01,24,0,0,0,2.7649,11911.0
VNM-ADM2-011,Hanoi,2024-01-01,25,0,1,0,2.8053,12096.0
VNM-ADM2-011,Hanoi,2024-02-01,26,0,1,0,2.8337,9625.0
VNM-ADM2-011,Hanoi,2024-03-01,27,0,1,0,2.7863,7960.0
VNM-ADM2-011,Hanoi,2024-04-01,28,0,1,0,2.8292,12291.0
VNM-ADM2-011,Hanoi,2024-05-01,29,0,1,0,2.7844,8859.0
VNM-ADM2-011,Hanoi,2024-06-01,30,0,1,0,2.7401,13825.0
VNM-ADM2-011,Hanoi,2024-07-01,31,0,1,0,2.8229,3853.0
VNM-ADM2-011,Hanoi,2024-08-01,32,0,1,0,2.7511,9801.0
VNM-ADM2-011,Hanoi,2024-09-01,33,0,1,0,2.8162,10269.0
VNM-ADM2-011,Hanoi,2024-10-01,34,0,1,0,2.7537,8164.0
VNM-ADM2-011,Hanoi,2024-11-01,35,0,1,0,2.7503,8169.0
VNM-ADM2-011,Hanoi,2024-12-01,36,0,1,0,2.7944,8408.0
VNM-ADM2-012,Hanoi,2022-01-01,1,1,0,0,1.8049,10384.0
VNM-ADM2-012,Hanoi,2022-02-01,2,1,0,0,1.8331,10929.0
VNM-ADM2-012,Hanoi,2022-03-01,3,1,0,0,1.7753,9931.0
VNM-ADM2-012,Hanoi,2022-04-01,4,1,0,0,1.8296,4618.0
VNM-ADM2-012,Hanoi,2022-05-01,5,1,0,0,1.8738,10878.0
VNM-ADM2-012,Hanoi,2022-06-01,6,1,0,0,1.8145,16487.0
VNM-ADM2-012,Hanoi,2022-07-01,7,1,0,0,1.8359,10104.0
VNM-ADM2-012,Hanoi,2022-08-01,8,1,0,0,1.8581,12325.0
VNM-ADM2-012,Hanoi,2022-09-01,9,1,0,0,1.7866,12454.0
VNM-ADM2-012,Hanoi,2022-10-01,10,1,0,0,1.8473,12596.0
VNM-ADM2-012,Hanoi,2022-11-01,11,1,0,0,1.8754,7736.0
VNM-ADM2-012,Hanoi,2022-12-01,12,1,0,0,1.9079,9076.0
VNM-ADM2-012,Hanoi,2023-01-01,13,1,0,0,1.8508,6450.0
VNM-ADM2-012,Hanoi,2023-02-01,14,1,0,0,1.817,10506.0
VNM-ADM2-012,Hanoi,2023-03-01,15,1,0,0,1.8191,7568.0
VNM-ADM2-012,Hanoi,2023-04-01,16,1,0,0,1.8836,13009.0
VNM-ADM2-012,Hanoi,2023-05-01,17,1,0,0,1.8504,13253.0
VNM-ADM2-012,Hanoi,2023-06-01,18,1,0,0,1.8737,9478.0
VNM-ADM2-012,Hanoi,2023-07-01,19,1,0,0,1.8689,14698.0
VNM-ADM2-012,Hanoi,2023-08-01,20,1,0,0,1.9309,11407.0
VNM-ADM2-012,Hanoi,2023-09-01,21,1,0,0,1.8727,12336.0
VNM-ADM2-012,Hanoi,2023-10-01,22,1,0,0,1.8222,9441.0
VNM-ADM2-012,Hanoi,2023-11-01,23,1,0,0,1.9325,15415.0
VNM-ADM2-012,Hanoi,2023-12-01,24,1,0,0,1.855,13181.0
VNM-ADM2-012,Hanoi,2024-01-01,25,1,1,1,1.9149,10851.0
VNM-ADM2-012,Hanoi,2024-02-01,26,1,1,1,1.9762,7327.0
VNM-ADM2-012,Hanoi,2024-03-01,27,1,1,1,1.9346,9240.0
VNM-ADM2-012,Hanoi,2024-04-01,28,1,1,1,2.0005,8129.0
VNM-ADM2-012,Hanoi,2024-05-01,29,1,1,1,1.985,13218.0
VNM-ADM2-012,Hanoi,2024-06-01,30,1,1,1,1.9627,11649.0
VNM-ADM2-012,Hanoi,2024-07-01,31,1,1,1,1.9742,6225.0
VNM-ADM2-012,Hanoi,2024-08-01,32,1,1,1,1.9789,2884.0
VNM-ADM2-012,Hanoi,2024-09-01,33,1,1,1,1.9444,13513.0
VNM-ADM2-012,Hanoi,2024-10-01,34,1,1,1,1.9384,8074.0
VNM-ADM2-012,Hanoi,2024-11-01,35,1,1,1,1.992,12896.0
VNM-ADM2-012,Hanoi,2024-12-01,36,1,1,1,2.0321,6893.0
VNM-ADM2-013,Hanoi,2022-01-01,1,0,0,0,2.5721,10084.0
VNM-ADM2-013,Hanoi,2022-02-01,2,0,0,0,2.6853,8357.0
VNM-ADM2-013,Hanoi,2022-03-01,3,0,0,0,2.5959,11637.0
VNM-ADM2-013,Hanoi,2022-04-01,4,0,0,0,2.6551,10691.0
VNM-ADM2-013,Hanoi,2022-05-01,5,0,0,0,2.5883,12957.0
VNM-ADM2-013,Hanoi,2022-06-01,6,0,0,0,2.6311,8146.0
VNM-ADM2-013,Hanoi,2022-07-01,7,0,0,0,2.59,7539.0
VNM-ADM2-013,Hanoi,2022-08-01,8,0,0,0,2.587,10888.0
VNM-ADM2-013,Hanoi,2022-09-01,9,0,0,0,2.6331,8306.0
VNM-ADM2-013,Hanoi,2022-10-01,10,0,0,0,2.6155,5687.0
VNM-ADM2-013,Hanoi,2022-11-01,11,0,0,0,2.6052,8326.0
VNM-ADM2-013,Hanoi,2022-12-01,12,0,0,0,2.6485,8295.0
VNM-ADM2-013,Hanoi,2023-01-01,13,0,0,0,2.6801,9334.0
VNM-ADM2-013,Hanoi,2023-02-01,14,0,0,0,2.6844,8456.0
VNM-ADM2-013,Hanoi,2023-03-01,15,0,0,0,2.6652,7227.0
VNM-ADM2-013,Hanoi,2023-04-01,16,0,0,0,2.7136,9979.0
VNM-ADM2-013,Hanoi,2023-05-01,17,0,0,0,2.6229,6184.0
VNM-ADM2-013,Hanoi,2023-06-01,18,0,0,0,2.6758,12682.0
VNM-ADM2-013,Hanoi,2023-07-01,19,0,0,0,2.6468,10368.0
VNM-ADM2-013,Hanoi,2023-08-01,20,0,0,0,2.655,11537.0
VNM-ADM2-013,Hanoi,2023-09-01,21,0,0,0,2.6817,12458.0
VNM-ADM2-013,Hanoi,2023-10-01,22,0,0,0,2.6724,10608.0
VNM-ADM2-013,Hanoi,2023-11-01,23,0,0,0,2.6628,11638.0
VNM-ADM2-013,Hanoi,2023-12-01,24,0,0,0,2.634,9466.0
VNM-ADM2-013,Hanoi,2024-01-01,25,0,1,0,2.6376,9620.0
VNM-ADM2-013,Hanoi,2024-02-01,26,0,1,0,2.6798,13474.0
VNM-ADM2-013,Hanoi,2024-03-01,27,0,1,0,2.7246,9210.0
VNM-ADM2-013,Hanoi,2024-04-01,28,0,1,0,2.7244,7133.0
VNM-ADM2-013,Hanoi,2024-05-01,29,0,1,0,2.6693,10741.0
VNM-ADM2-013,Hanoi,2024-06-01,30,0,1,0,2.765,14185.0
VNM-ADM2-013,Hanoi,2024-07-01,31,0,1,0,2.6944,11144.0
VNM-ADM2-013,Hanoi,2024-08-01,32,0,1,0,2.6886,8907.0
VNM-ADM2-013,Hanoi,2024-09-01,33,0,1,0,2.7413,6710.0
VNM-ADM2-013,Hanoi,2024-10-01,34,0,1,0,2.7067,10351.0
VNM-ADM2-013,Hanoi,2024-11-01,35,0,1,0,2.708,6204.0
VNM-ADM2-013,Hanoi,2024-12-01,36,0,1,0,2.7549,6090.0
VNM-ADM2-014,Hanoi,2022-01-01,1,0,0,0,2.3689,9398.0
VNM-ADM2-014,Hanoi,2022-02-01,2,0,0,0,2.2951,9517.0
VNM-ADM2-014,Hanoi,2022-03-01,3,0,0,0,2.3586,8421.0
VNM-ADM2-014,Hanoi,2022-04-01,4,0,0,0,2.3649,8935.0
VNM-ADM2-014,Hanoi,2022-05-01,5,0,0,0,2.377,8451.0
VNM-ADM2-014,Hanoi,2022-06-01,6,0,0,0,2.3691,8089.0
VNM-ADM2-014,Hanoi,2022-07-01,7,0,0,0,2.3923,8407.0
VNM-ADM2-014,Hanoi,2022-08-01,8,0,0,0,2.4284,9698.0
VNM-ADM2-014,Hanoi,2022-09-01,9,0,0,0,2.3977,6191.0
VNM-ADM2-014,Hanoi,2022-10-01,10,0,0,0,2.359,11628.0
VNM-ADM2-014,Hanoi,2022-11-01,11,0,0,0,2.4207,6671.0
VNM-ADM2-014,Hanoi,2022-12-01,12,0,0,0,2.3775,5540.0
VNM-ADM2-014,Hanoi,2023-01-01,13,0,0,0,2.3584,11815.0
VNM-ADM2-014,Hanoi,2023-02-01,14,0,0,0,2.4532,11489.0
VNM-ADM2-014,Hanoi,2023-03-01,15,0,0,0,2.4764,11714.0
VNM-ADM2-014,Hanoi,2023-04-01,16,0,0,0,2.385,13802.0
VNM-ADM2-014,Hanoi,2023-05-01,17,0,0,0,2.4198,11456.0
VNM-ADM2-014,Hanoi,2023-06-01,18,0,0,0,2.4008,14477.0
VNM-ADM2-014,Hanoi,2023-07-01,19,0,0,0,2.3778,10232.0
VNM-ADM2-014,Hanoi,2023-08-01,20,0,0,0,2.3512,10095.0
VNM-ADM2-014,Hanoi,2023-09-01,21,0,0,0,2.4338,7138.0
VNM-ADM2-014,Hanoi,2023-10-01,22,0,0,0,2.4158,11172.0
VNM-ADM2-014,Hanoi,2023-11-01,23,0,0,0,2.3977,10140.0
VNM-ADM2-014,Hanoi,2023-12-01,24,0,0,0,2.3531,7962.0
VNM-ADM2-014,Hanoi,2024-01-01,25,0,1,0,2.5033,7166.0
VNM-ADM2-014,Hanoi,2024-02-01,26,0,1,0,2.4188,11947.0
VNM-ADM2-014,Hanoi,2024-03-01,27,0,1,0,2.4966,9225.0
VNM-ADM2-014,Hanoi,2024-04-01,28,0,1,0,2.4251,13974.0
VNM-ADM2-014,Hanoi,2024-05-01,29,0,1,0,2.4574,9643.0
VNM-ADM2-014,Hanoi,2024-06-01,30,0,1,0,2.4544,12657.0
VNM-ADM2-014,Hanoi,2024-07-01,31,0,1,0,2.4916,7968.0
VNM-ADM2-014,Hanoi,2024-08-01,32,0,1,0,2.4749,8125.0
VNM-ADM2-014,Hanoi,2024-09-01,33,0,1,0,2.5162,10225.0
VNM-ADM2-014,Hanoi,2024-10-01,34,0,1,0,2.4904,1871.0
VNM-ADM2-014,Hanoi,2024-11-01,35,0,1,0,2.5018,8545.0
VNM-ADM2-014,Hanoi,2024-12-01,36,0,1,0,2.478,9689.0
VNM-ADM2-015,Hanoi,2022-01-01,1,1,0,0,2.5267,8153.0
VNM-ADM2-015,Hanoi,2022-02-01,2,1,0,0,2.5262,7361.0
VNM-ADM2-015,Hanoi,2022-03-01,3,1,0,0,2.538,9476.0
VNM-ADM2-015,Hanoi,2022-04-01,4,1,0,0,2.4852,11948.0
VNM-ADM2-015,Hanoi,2022-05-01,5,1,0,0,2.5619,8616.0
VNM-ADM2-015,Hanoi,2022-06-01,6,1,0,0,2.5487,8784.0
VNM-ADM2-015,Hanoi,2022-07-01,7,1,0,0,2.5089,7823.0
VNM-ADM2-015,Hanoi,2022-08-01,8,1,0,0,2.5893,10449.0
VNM-ADM2-015,Hanoi,2022-09-01,9,1,0,0,2.5462,7154.0
VNM-ADM2-015,Hanoi,2022-10-01,10,1,0,0,2.5784,14878.0
VNM-ADM2-015,Hanoi,2022-11-01,11,1,0,0,2.5723,7845.0
VNM-ADM2-015,Hanoi,2022-12-01,12,1,0,0,2.6551,10376.0
VNM-ADM2-015,Hanoi,2023-01-01,13,1,0,0,2.552,9820.0
VNM-ADM2-015,Hanoi,2023-02-01,14,1,0,0,2.5787,15536.0
VNM-ADM2-015,Hanoi,2023-03-01,15,1,0,0,2.6171,4569.0
VNM-ADM2-015,Hanoi,2023-04-01,16,1,0,0,2.592,5329.0
VNM-ADM2-015,Hanoi,2023-05-01,17,1,0,0,2.6228,11840.0
VNM-ADM2-015,Hanoi,2023-06-01,18,1,0,0,2.5662,7146.0
VNM-ADM2-015,Hanoi,2023-07-01,19,1,0,0,2.5677,10376.0
VNM-ADM2-015,Hanoi,2023-08-01,20,1,0,0,2.5961,9014.0
VNM-ADM2-015,Hanoi,2023-09-01,21,1,0,0,2.611,7266.0
VNM-ADM2-015,Hanoi,2023-10-01,22,1,0,0,2.5927,11270.0
VNM-ADM2-015,Hanoi,2023-11-01,23,1,0,0,2.6042,10660.0
VNM-ADM2-015,Hanoi,2023-12-01,24,1,0,0,2.5873,13523.0
VNM-ADM2-015,Hanoi,2024-01-01,25,1,1,1,2.6379,11067.0
VNM-ADM2-015,Hanoi,2024-02-01,26,1,1,1,2.7068,8986.0
VNM-ADM2-015,Hanoi,2024-03-01,27,1,1,1,2.6641,7844.0
VNM-ADM2-015,Hanoi,2024-04-01,28,1,1,1,2.7483,6172.0
VNM-ADM2-015,Hanoi,2024-05-01,29,1,1,1,2.7209,10148.0
VNM-ADM2-015,Hanoi,2024-06-01,30,1,1,1,2.6553,11854.0
VNM-ADM2-015,Hanoi,2024-07-01,31,1,1,1,2.7267,11064.0
VNM-ADM2-015,Hanoi,2024-08-01,32,1,1,1,2.7138,7055.0
VNM-ADM2-015,Hanoi,2024-09-01,33,1,1,1,2.7003,14050.0
VNM-ADM2-015,Hanoi,2024-10-01,34,1,1,1,2.6991,10638.0
VNM-ADM2-015,Hanoi,2024-11-01,35,1,1,1,2.7283,8433.0
VNM-ADM2-015,Hanoi,2024-12-01,36,1,1,1,2.6699,11026.0
VNM-ADM2-016,Hanoi,2022-01-01,1,0,0,0,2.495,8783.0
VNM-ADM2-016,Hanoi,2022-02-01,2,0,0,0,2.5952,9209.0
VNM-ADM2-016,Hanoi,2022-03-01,3,0,0,0,2.618,12632.0
VNM-ADM2-016,Hanoi,2022-04-01,4,0,0,0,2.6243,8266.0
VNM-ADM2-016,Hanoi,2022-05-01,5,0,0,0,2.5894,14220.0
VNM-ADM2-016,Hanoi,2022-06-01,6,0,0,0,2.5345,8414.0
VNM-ADM2-016,Hanoi,2022-07-01,7,0,0,0,2.6056,10276.0
VNM-ADM2-016,Hanoi,2022-08-01,8,0,0,0,2.5434,10558.0
VNM-ADM2-016,Hanoi,2022-09-01,9,0,0,0,2.6024,9893.0
VNM-ADM2-016,Hanoi,2022-10-01,10,0,0,0,2.5117,9621.0
VNM-ADM2-016,Hanoi,2022-11-01,11,0,0,0,2.5395,8681.0
VNM-ADM2-016,Hanoi,2022-12-01,12,0,0,0,2.5805,11406.0
VNM-ADM2-016,Hanoi,2023-01-01,13,0,0,0,2.6097,8958.0
VNM-ADM2-016,Hanoi,2023-02-01,14,0,0,0,2.6723,11493.0
VNM-ADM2-016,Hanoi,2023-03-01,15,0,0,0,2.5595,11151.0
VNM-ADM2-016,Hanoi,2023-04-01,16,0,0,0,2.6224,10461.0
VNM-ADM2-016,Hanoi,2023-05-01,17,0,0,0,2.5948,6994.0
VNM-ADM2-016,Hanoi,2023-06-01,18,0,0,0,2.5889,9199.0
VNM-ADM2-016,Hanoi,2023-07-01,19,0,0,0,2.5522,11752.0
VNM-ADM2-016,Hanoi,2023-08-01,20,0,0,0,2.5478,7688.0
VNM-ADM2-016,Hanoi,2023-09-01,21,0,0,0,2.5846,10609.0
VNM-ADM2-016,Hanoi,2023-10-01,22,0,0,0,2.6153,10454.0
VNM-ADM2-016,Hanoi,2023-11-01,23,0,0,0,2.6208,10176.0
VNM-ADM2-016,Hanoi,2023-12-01,24,0,0,0,2.6803,9968.0
VNM-ADM2-016,Hanoi,2024-01-01,25,0,1,0,2.6645,6573.0
VNM-ADM2-016,Hanoi,2024-02-01,26,0,1,0,2.5842,6487.0
VNM-ADM2-016,Hanoi,2024-03-01,27,0,1,0,2.6852,7232.0
VNM-ADM2-016,Hanoi,2024-04-01,28,0,1,0,2.6533,11245.0
VNM-ADM2-016,Hanoi,2024-05-01,29,0,1,0,2.6737,9777.0
VNM-ADM2-016,Hanoi,2024-06-01,30,0,1,0,2.6553,11395.0
VNM-ADM2-016,Hanoi,2024-07-01,31,0,1,0,2.6496,3379.0
VNM-ADM2-016,Hanoi,2024-08-01,32,0,1,0,2.6703,7522.0
VNM-ADM2-016,Hanoi,2024-09-01,33,0,1,0,2.7108,10136.0
VNM-ADM2-016,Hanoi,2024-10-01,34,0,1,0,2.6897,8072.0
VNM-ADM2-016,Hanoi,2024-11-01,35,0,1,0,2.6144,16251.0
VNM-ADM2-016,Hanoi,2024-12-01,36,0,1,0,2.6679,6114.0
VNM-ADM2-017,Hanoi,2022-01-01,1,1,0,0,2.5769,9227.0
VNM-ADM2-017,Hanoi,2022-02-01,2,1,0,0,2.5925,6167.0
VNM-ADM2-017,Hanoi,2022-03-01,3,1,0,0,2.5943,12175.0
VNM-ADM2-017,Hanoi,2022-04-01,4,1,0,0,2.6287,9822.0
VNM-ADM2-017,Hanoi,2022-05-01,5,1,0,0,2.6154,10901.0
VNM-ADM2-017,Hanoi,2022-06-01,6,1,0,0,2.6436,9948.0
VNM-ADM2-017,Hanoi,2022-07-01,7,1,0,0,2.6703,11017.0
VNM-ADM2-017,Hanoi,2022-08-01,8,1,0,0,2.6258,7058.0
VNM-ADM2-017,Hanoi,2022-09-01,9,1,0,0,2.633,8604.0
VNM-ADM2-017,Hanoi,2022-10-01,10,1,0,0,2.6321,14956.0
VNM-ADM2-017,Hanoi,2022-11-01,11,1,0,0,2.5511,11786.0
VNM-ADM2-017,Hanoi,2022-12-01,12,1,0,0,2.6176,9773.0
VNM-ADM2-017,Hanoi,2023-01-01,13,1,0,0,2.6169,4953.0
VNM-ADM2-017,Hanoi,2023-02-01,14,1,0,0,2.6667,9930.0
VNM-ADM2-017,Hanoi,2023-03-01,15,1,0,0,2.589,7291.0
VNM-ADM2-017,Hanoi,2023-04-01,16,1,0,0,2.6443,8475.0
VNM-ADM2-017,Hanoi,2023-05-01,17,1,0,0,2.6283,9978.0
VNM-ADM2-017,Hanoi,2023-06-01,18,1,0,0,2.593,11805.0
VNM-ADM2-017,Hanoi,2023-07-01,19,1,0,0,2.669,9294.0
VNM-ADM2-017,Hanoi,2023-08-01,20,1,0,0,2.7331,6296.0
VNM-ADM2-017,Hanoi,2023-09-01,21,1,0,0,2.6805,11581.0
VNM-ADM2-017,Hanoi,2023-10-01,22,1,0,0,2.6588,8768.0
VNM-ADM2-017,Hanoi,2023-11-01,23,1,0,0,2.6585,9857.0
VNM-ADM2-017,Hanoi,2023-12-01,24,1,0,0,2.6391,10821.0
VNM-ADM2-017,Hanoi,2024-01-01,25,1,1,1,2.8049,8179.0
VNM-ADM2-017,Hanoi,2024-02-01,26,1,1,1,2.7486,9449.0
VNM-ADM2-017,Hanoi,2024-03-01,27,1,1,1,2.7137,13916.0
VNM-ADM2-017,Hanoi,2024-04-01,28,1,1,1,2.7158,6126.0
VNM-ADM2-017,Hanoi,2024-05-01,29,1,1,1,2.7064,6997.0
VNM-ADM2-017,Hanoi,2024-06-01,30,1,1,1,2.715,5752.0
VNM-ADM2-017,Hanoi,2024-07-01,31,1,1,1,2.6865,9808.0
VNM-ADM2-017,Hanoi,2024-08-01,32,1,1,1,2.7932,8688.0
VNM-ADM2-017,Hanoi,2024-09-01,33,1,1,1,2.8005,11325.0
VNM-ADM2-017,Hanoi,2024-10-01,34,1,1,1,2.7064,12602.0
VNM-ADM2-017,Hanoi,2024-11-01,35,1,1,1,2.7594,13920.0
VNM-ADM2-017,Hanoi,2024-12-01,36,1,1,1,2.7817,13348.0
VNM-ADM2-018,Hanoi,2022-01-01,1,1,0,0,2.1174,7358.0
VNM-ADM2-018,Hanoi,2022-02-01,2,1,0,0,2.1181,12102.0
VNM-ADM2-018,Hanoi,2022-03-01,3,1,0,0,2.2034,11072.0
VNM-ADM2-018,Hanoi,2022-04-01,4,1,0,0,2.1656,11485.0
VNM-ADM2-018,Hanoi,2022-05-01,5,1,0,0,2.157,10730.0
VNM-ADM2-018,Hanoi,2022-06-01,6,1,0,0,2.2051,11458.0
VNM-ADM2-018,Hanoi,2022-07-01,7,1,0,0,2.2037,12406.0
VNM-ADM2-018,Hanoi,2022-08-01,8,1,0,0,2.1633,7269.0
VNM-ADM2-018,Hanoi,2022-09-01,9,1,0,0,2.1701,9422.0
VNM-ADM2-018,Hanoi,2022-10-01,10,1,0,0,2.1711,10844.0
VNM-ADM2-018,Hanoi,2022-11-01,11,1,0,0,2.1893,13739.0
VNM-ADM2-018,Hanoi,2022-12-01,12,1,0,0,2.1009,9143.0
VNM-ADM2-018,Hanoi,2023-01-01,13,1,0,0,2.2034,4175.0
VNM-ADM2-018,Hanoi,2023-02-01,14,1,0,0,2.1849,11216.0
VNM-ADM2-018,Hanoi,2023-03-01,15,1,0,0,2.252,6264.0
VNM-ADM2-018,Hanoi,2023-04-01,16,1,0,0,2.2171,7733.0
VNM-ADM2-018,Hanoi,2023-05-01,17,1,0,0,2.1968,11444.0
VNM-ADM2-018,Hanoi,2023-06-01,18,1,0,0,2.1956,10249.0
VNM-ADM2-018,Hanoi,2023-07-01,19,1,0,0,2.1928,13452.0
VNM-ADM2-018,Hanoi,2023-08-01,20,1,0,0,2.1838,14365.0
VNM-ADM2-018,Hanoi,2023-09-01,21,1,0,0,2.2483,10465.0
VNM-ADM2-018,Hanoi,2023-10-01,22,1,0,0,2.2493,9595.0
VNM-ADM2-018,Hanoi,2023-11-01,23,1,0,0,2.1831,10442.0
VNM-ADM2-018,Hanoi,2023-12-01,24,1,0,0,2.2518,13897.0
VNM-ADM2-018,Hanoi,2024-01-01,25,1,1,1,2.3029,9157.0
VNM-ADM2-018,Hanoi,2024-02-01,26,1,1,1,2.319,10565.0
VNM-ADM2-018,Hanoi,2024-03-01,27,1,1,1,2.3279,3081.0
VNM-ADM2-018,Hanoi,2024-04-01,28,1,1,1,2.3085,8859.0
VNM-ADM2-018,Hanoi,2024-05-01,29,1,1,1,2.3039,7338.0
VNM-ADM2-018,Hanoi,2024-06-01,30,1,1,1,2.3008,10902.0
VNM-ADM2-018,Hanoi,2024-07-01,31,1,1,1,2.318,11216.0
VNM-ADM2-018,Hanoi,2024-08-01,32,1,1,1,2.3398,7558.0
VNM-ADM2-018,Hanoi,2024-09-01,33,1,1,1,2.3078,11822.0
VNM-ADM2-018,Hanoi,2024-10-01,34,1,1,1,2.2972,12707.0
VNM-ADM2-018,Hanoi,2024-11-01,35,1,1,1,2.288,12441.0
VNM-ADM2-018,Hanoi,2024-12-01,36,1,1,1,2.2547,9028.0
VNM-ADM2-019,Hanoi,2022-01-01,1,1,0,0,2.0097,8942.0
VNM-ADM2-019,Hanoi,2022-02-01,2,1,0,0,1.96,11939.0
VNM-ADM2-019,Hanoi,2022-03-01,3,1,0,0,1.9519,13941.0
VNM-ADM2-019,Hanoi,2022-04-01,4,1,0,0,2.0079,13852.0
VNM-ADM2-019,Hanoi,2022-05-01,5,1,0,0,2.0712,12681.0
VNM-ADM2-019,Hanoi,2022-06-01,6,1,0,0,1.9631,11608.0
VNM-ADM2-019,Hanoi,2022-07-01,7,1,0,0,1.997,10635.0
VNM-ADM2-019,Hanoi,2022-08-01,8,1,0,0,2.0213,7409.0
VNM-ADM2-019,Hanoi,2022-09-01,9,1,0,0,2.0445,4715.0
VNM-ADM2-019,Hanoi,2022-10-01,10,1,0,0,1.9849,10391.0
VNM-ADM2-019,Hanoi,2022-11-01,11,1,0,0,2.0174,6053.0
VNM-ADM2-019,Hanoi,2022-12-01,12,1,0,0,2.0735,15510.0
VNM-ADM2-019,Hanoi,2023-01-01,13,1,0,0,2.0869,8784.0
VNM-ADM2-019,Hanoi,2023-02-01,14,1,0,0,2.012,7652.0
VNM-ADM2-019,Hanoi,2023-03-01,15,1,0,0,2.0901,10958.0
VNM-ADM2-019,Hanoi,2023-04-01,16,1,0,0,2.0646,8092.0
VNM-ADM2-019,Hanoi,2023-05-01,17,1,0,0,2.0475,11911.0
VNM-ADM2-019,Hanoi,2023-06-01,18,1,0,0,2.0483,8580.0
VNM-ADM2-019,Hanoi,2023-07-01,19,1,0,0,2.054,7221.0
VNM-ADM2-019,Hanoi,2023-08-01,20,1,0,0,2.085,7025.0
VNM-ADM2-019,Hanoi,2023-09-01,21,1,0,0,2.0475,10044.0
VNM-ADM2-019,Hanoi,2023-10-01,22,1,0,0,2.0437,14704.0
VNM-ADM2-019,Hanoi,2023-11-01,23,1,0,0,2.004,8886.0
VNM-ADM2-019,Hanoi,2023-12-01,24,1,0,0,2.0274,8557.0
VNM-ADM2-019,Hanoi,2024-01-01,25,1,1,1,2.1236,10026.0
VNM-ADM2-019,Hanoi,2024-02-01,26,1,1,1,2.1473,7060.0
VNM-ADM2-019,Hanoi,2024-03-01,27,1,1,1,2.211,13939.0
VNM-ADM2-019,Hanoi,2024-04-01,28,1,1,1,2.1201,12632.0
VNM-ADM2-019,Hanoi,2024-05-01,29,1,1,1,2.1395,6907.0
VNM-ADM2-019,Hanoi,2024-06-01,30,1,1,1,2.1286,5462.0
VNM-ADM2-019,Hanoi,2024-07-01,31,1,1,1,2.0947,9699.0
VNM-ADM2-019,Hanoi,2024-08-01,32,1,1,1,2.1241,8595.0
VNM-ADM2-019,Hanoi,2024-09-01,33,1,1,1,2.1534,8629.0
VNM-ADM2-019,Hanoi,2024-10-01,34,1,1,1,2.1529,8886.0
VNM-ADM2-019,Hanoi,2024-11-01,35,1,1,1,2.0887,5470.0
VNM-ADM2-019,Hanoi,2024-12-01,36,1,1,1,2.1453,10539.0
VNM-ADM2-020,Hanoi,2022-01-01,1,0,0,0,2.7665,7931.0
VNM-ADM2-020,Hanoi,2022-02-01,2,0,0,0,2.7908,12028.0
VNM-ADM2-020,Hanoi,2022-03-01,3,0,0,0,2.8143,8365.0
VNM-ADM2-020,Hanoi,2022-04-01,4,0,0,0,2.8043,9299.0
VNM-ADM2-020,Hanoi,2022-05-01,5,0,0,0,2.7858,10633.0
VNM-ADM2-020,Hanoi,2022-06-01,6,0,0,0,2.7746,7177.0
VNM-ADM2-020,Hanoi,2022-07-01,7,0,0,0,2.8237,11057.0
VNM-ADM2-020,Hanoi,2022-08-01,8,0,0,0,2.7825,11985.0
VNM-ADM2-020,Hanoi,2022-09-01,9,0,0,0,2.8116,8911.0
VNM-ADM2-020,Hanoi,2022-10-01,10,0,0,0,2.8049,12717.0
VNM-ADM2-020,Hanoi,2022-11-01,11,0,0,0,2.7064,9313.0
VNM-ADM2-020,Hanoi,2022-12-01,12,0,0,0,2.82,9974.0
VNM-ADM2-020,Hanoi,2023-01-01,13,0,0,0,2.786,8065.0
VNM-ADM2-020,Hanoi,2023-02-01,14,0,0,0,2.8135,11277.0
VNM-ADM2-020,Hanoi,2023-03-01,15,0,0,0,2.8502,3993.0
VNM-ADM2-020,Hanoi,2023-04-01,16,0,0,0,2.8619,7528.0
VNM-ADM2-020,Hanoi,2023-05-01,17,0,0,0,2.8559,11933.0
VNM-ADM2-020,Hanoi,2023-06-01,18,0,0,0,2.8206,4835.0
VNM-ADM2-020,Hanoi,2023-07-01,19,0,0,0,2.8913,15644.0
VNM-ADM2-020,Hanoi,2023-08-01,20,0,0,0,2.7786,14690.0
VNM-ADM2-020,Hanoi,2023-09-01,21,0,0,0,2.8534,10138.0
VNM-ADM2-020,Hanoi,2023-10-01,22,0,0,0,2.8771,6329.0
VNM-ADM2-020,Hanoi,2023-11-01,23,0,0,0,2.8885,8099.0
VNM-ADM2-020,Hanoi,2023-12-01,24,0,0,0,2.8288,7559.0
VNM-ADM2-020,Hanoi,2024-01-01,25,0,1,0,2.8272,11486.0
VNM-ADM2-020,Hanoi,2024-02-01,26,0,1,0,2.8753,11634.0
VNM-ADM2-020,Hanoi,2024-03-01,27,0,1,0,2.8997,7068.0
VNM-ADM2-020,Hanoi,2024-04-01,28,0,1,0,2.9447,8134.0
VNM-ADM2-020,Hanoi,2024-05-01,29,0,1,0,2.8924,14824.0
VNM-ADM2-020,Hanoi,2024-06-01,30,0,1,0,2.8482,9359.0
VNM-ADM2-020,Hanoi,2024-07-01,31,0,1,0,2.8971,10219.0
VNM-ADM2-020,Hanoi,2024-08-01,32,0,1,0,2.8083,11439.0
VNM-ADM2-020,Hanoi,2024-09-01,33,0,1,0,2.8616,12081.0
VNM-ADM2-020,Hanoi,2024-10-01,34,0,1,0,2.9027,7883.0
VNM-ADM2-020,Hanoi,2024-11-01,35,0,1,0,2.9427,12430.0
VNM-ADM2-020,Hanoi,2024-12-01,36,0,1,0,2.914,6406.0
VNM-ADM2-021,Hanoi,2022-01-01,1,0,0,0,2.7087,8187.0
VNM-ADM2-021,Hanoi,2022-02-01,2,0,0,0,2.6506,12390.0
VNM-ADM2-021,Hanoi,2022-03-01,3,0,0,0,2.7071,7154.0
VNM-ADM2-021,Hanoi,2022-04-01,4,0,0,0,2.6183,9421.0
VNM-ADM2-021,Hanoi,2022-05-01,5,0,0,0,2.6736,8432.0
VNM-ADM2-021,Hanoi,2022-06-01,6,0,0,0,2.7226,7559.0
VNM-ADM2-021,Hanoi,2022-07-01,7,0,0,0,2.6897,7654.0
VNM-ADM2-021,Hanoi,2022-08-01,8,0,0,0,2.7113,6954.0
VNM-ADM2-021,Hanoi,2022-09-01,9,0,0,0,2.6959,14010.0
VNM-ADM2-021,Hanoi,2022-10-01,10,0,0,0,2.7161,8374.0
VNM-ADM2-021,Hanoi,2022-11-01,11,0,0,0,2.7187,10100.0
VNM-ADM2-021,Hanoi,2022-12-01,12,0,0,0,2.6875,6618.0
VNM-ADM2-021,Hanoi,2023-01-01,13,0,0,0,2.7228,13184.0
VNM-ADM2-021,Hanoi,2023-02-01,14,0,0,0,2.7571,5060.0
VNM-ADM2-021,Hanoi,2023-03-01,15,0,0,0,2.7786,7530.0
VNM-ADM2-021,Hanoi,2023-04-01,16,0,0,0,2.7207,6348.0
VNM-ADM2-021,Hanoi,2023-05-01,17,0,0,0,2.7452,8820.0
VNM-ADM2-021,Hanoi,2023-06-01,18,0,0,0,2.7705,10679.0
VNM-ADM2-021,Hanoi,2023-07-01,19,0,0,0,2.7197,10671.0
VNM-ADM2-021,Hanoi,2023-08-01,20,0,0,0,2.7147,13716.0
VNM-ADM2-021,Hanoi,2023-09-01,21,0,0,0,2.7917,9737.0
VNM-ADM2-021,Hanoi,2023-10-01,22,0,0,0,2.751,6346.0
VNM-ADM2-021,Hanoi,2023-11-01,23,0,0,0,2.7355,10740.0
VNM-ADM2-021,Hanoi,2023-12-01,24,0,0,0,2.7447,10047.0
VNM-ADM2-021,Hanoi,2024-01-01,25,0,1,0,2.743,12073.0
VNM-ADM2-021,Hanoi,2024-02-01,26,0,1,0,2.7635,8749.0
VNM-ADM2-021,Hanoi,2024-03-01,27,0,1,0,2.7278,10147.0
VNM-ADM2-021,Hanoi,2024-04-01,28,0,1,0,2.8296,10286.0
VNM-ADM2-021,Hanoi,2024-05-01,29,0,1,0,2.7738,11124.0
VNM-ADM2-021,Hanoi,2024-06-01,30,0,1,0,2.7327,6186.0
VNM-ADM2-021,Hanoi,2024-07-01,31,0,1,0,2.7563,10176.0
VNM-ADM2-021,Hanoi,2024-08-01,32,0,1,0,2.7509,12579.0
VNM-ADM2-021,Hanoi,2024-09-01,33,0,1,0,2.7837,8612.0
VNM-ADM2-021,Hanoi,2024-10-01,34,0,1,0,2.7755,8450.0
VNM-ADM2-021,Hanoi,2024-11-01,35,0,1,0,2.7767,8360.0
VNM-ADM2-021,Hanoi,2024-12-01,36,0,1,0,2.8027,13058.0
VNM-ADM2-022,Hanoi,2022-01-01,1,1,0,0,2.5716,7904.0
VNM-ADM2-022,Hanoi,2022-02-01,2,1,0,0,2.5892,10245.0
VNM-ADM2-022,Hanoi,2022-03-01,3,1,0,0,2.5678,10804.0
VNM-ADM2-022,Hanoi,2022-04-01,4,1,0,0,2.5958,9121.0
VNM-ADM2-022,Hanoi,2022-05-01,5,1,0,0,2.568,9971.0
VNM-ADM2-022,Hanoi,2022-06-01,6,1,0,0,2.5556,6001.0
VNM-ADM2-022,Hanoi,2022-07-01,7,1,0,0,2.5728,12334.0
VNM-ADM2-022,Hanoi,2022-08-01,8,1,0,0,2.5987,11180.0
VNM-ADM2-022,Hanoi,2022-09-01,9,1,0,0,2.5865,11282.0
VNM-ADM2-022,Hanoi,2022-10-01,10,1,0,0,2.5823,8451.0
VNM-ADM2-022,Hanoi,2022-11-01,11,1,0,0,2.5506,11523.0
VNM-ADM2-022,Hanoi,2022-12-01,12,1,0,0,2.5709,7838.0
VNM-ADM2-022,Hanoi,2023-01-01,13,1,0,0,2.5648,10713.0
VNM-ADM2-022,Hanoi,2023-02-01,14,1,0,0,2.5275,10156.0
VNM-ADM2-022,Hanoi,2023-03-01,15,1,0,0,2.598,7580.0
VNM-ADM2-022,Hanoi,2023-04-01,16,1,0,0,2.6113,11190.0
VNM-ADM2-022,Hanoi,2023-05-01,17,1,0,0,2.6457,15108.0
VNM-ADM2-022,Hanoi,2023-06-01,18,1,0,0,2.6235,16781.0
VNM-ADM2-022,Hanoi,2023-07-01,19,1,0,0,2.6074,7518.0
VNM-ADM2-022,Hanoi,2023-08-01,20,1,0,0,2.5433,7627.0
VNM-ADM2-022,Hanoi,2023-09-01,21,1,0,0,2.6437,11906.0
VNM-ADM2-022,Hanoi,2023-10-01,22,1,0,0,2.6357,6697.0
VNM-ADM2-022,Hanoi,2023-11-01,23,1,0,0,2.6145,10232.0
VNM-ADM2-022,Hanoi,2023-12-01,24,1,0,0,2.6552,13180.0
VNM-ADM2-022,Hanoi,2024-01-01,25,1,1,1,2.6938,5562.0
VNM-ADM2-022,Hanoi,2024-02-01,26,1,1,1,2.7307,13097.0
VNM-ADM2-022,Hanoi,2024-03-01,27,1,1,1,2.7313,9952.0
VNM-ADM2-022,Hanoi,2024-04-01,28,1,1,1,2.7762,12886.0
VNM-ADM2-022,Hanoi,2024-05-01,29,1,1,1,2.7622,17007.0
VNM-ADM2-022,Hanoi,2024-06-01,30,1,1,1,2.7441,10135.0
VNM-ADM2-022,Hanoi,2024-07-01,31,1,1,1,2.6771,6184.0
VNM-ADM2-022,Hanoi,2024-08-01,32,1,1,1,2.7746,5990.0
VNM-ADM2-022,Hanoi,2024-09-01,33,1,1,1,2.7426,7343.0
VNM-ADM2-022,Hanoi,2024-10-01,34,1,1,1,2.6828,10185.0
VNM-ADM2-022,Hanoi,2024-11-01,35,1,1,1,2.7356,9046.0
VNM-ADM2-022,Hanoi,2024-12-01,36,1,1,1,2.7801,6556.0
VNM-ADM2-023,Hanoi,2022-01-01,1,0,0,0,2.3688,11207.0
VNM-ADM2-023,Hanoi,2022-02-01,2,0,0,0,2.4025,9740.0
VNM-ADM2-023,Hanoi,2022-03-01,3,0,0,0,2.4287,12799.0
VNM-ADM2-023,Hanoi,2022-04-01,4,0,0,0,2.4578,6999.0
VNM-ADM2-023,Hanoi,2022-05-01,5,0,0,0,2.3753,8606.0
VNM-ADM2-023,Hanoi,2022-06-01,6,0,0,0,2.413,7845.0
VNM-ADM2-023,Hanoi,2022-07-01,7,0,0,0,2.5069,14348.0
VNM-ADM2-023,Hanoi,2022-08-01,8,0,0,0,2.4088,9431.0
VNM-ADM2-023,Hanoi,2022-09-01,9,0,0,0,2.3877,9923.0
VNM-ADM2-023,Hanoi,2022-10-01,10,0,0,0,2.4318,11422.0
VNM-ADM2-023,Hanoi,2022-11-01,11,0,0,0,2.4517,10029.0
VNM-ADM2-023,Hanoi,2022-12-01,12,0,0,0,2.3902,12166.0
VNM-ADM2-023,Hanoi,2023-01-01,13,0,0,0,2.4523,8349.0
VNM-ADM2-023,Hanoi,2023-02-01,14,0,0,0,2.4535,9804.0
VNM-ADM2-023,Hanoi,2023-03-01,15,0,0,0,2.4565,9267.0
VNM-ADM2-023,Hanoi,2023-04-01,16,0,0,0,2.402,12904.0
VNM-ADM2-023,Hanoi,2023-05-01,17,0,0,0,2.4884,12999.0
VNM-ADM2-023,Hanoi,2023-06-01,18,0,0,0,2.4251,7584.0
VNM-ADM2-023,Hanoi,2023-07-01,19,0,0,0,2.4644,7827.0
VNM-ADM2-023,Hanoi,2023-08-01,20,0,0,0,2.4146,10723.0
VNM-ADM2-023,Hanoi,2023-09-01,21,0,0,0,2.3988,9017.0
VNM-ADM2-023,Hanoi,2023-10-01,22,0,0,0,2.4721,10519.0
VNM-ADM2-023,Hanoi,2023-11-01,23,0,0,0,2.3573,7464.0
VNM-ADM2-023,Hanoi,2023-12-01,24,0,0,0,2.4538,10064.0
VNM-ADM2-023,Hanoi,2024-01-01,25,0,1,0,2.4327,9077.0
VNM-ADM2-023,Hanoi,2024-02-01,26,0,1,0,2.4882,10768.0
VNM-ADM2-023,Hanoi,2024-03-01,27,0,1,0,2.4778,5680.0
VNM-ADM2-023,Hanoi,2024-04-01,28,0,1,0,2.4702,9867.0
VNM-ADM2-023,Hanoi,2024-05-01,29,0,1,0,2.4694,7910.0
VNM-ADM2-023,Hanoi,2024-06-01,30,0,1,0,2.5246,7547.0
VNM-ADM2-023,Hanoi,2024-07-01,31,0,1,0,2.5018,12259.0
VNM-ADM2-023,Hanoi,2024-08-01,32,0,1,0,2.5438,10597.0
VNM-ADM2-023,Hanoi,2024-09-01,33,0,1,0,2.4568,15417.0
VNM-ADM2-023,Hanoi,2024-10-01,34,0,1,0,2.4699,11088.0
VNM-ADM2-023,Hanoi,2024-11-01,35,0,1,0,2.4822,10022.0
VNM-ADM2-023,Hanoi,2024-12-01,36,0,1,0,2.4618,7124.0
VNM-ADM2-024,Hanoi,2022-01-01,1,0,0,0,2.3214,10952.0
VNM-ADM2-024,Hanoi,2022-02-01,2,0,0,0,2.3333,9344.0
VNM-ADM2-024,Hanoi,2022-03-01,3,0,0,0,2.2644,2008.0
VNM-ADM2-024,Hanoi,2022-04-01,4,0,0,0,2.2929,14397.0
VNM-ADM2-024,Hanoi,2022-05-01,5,0,0,0,2.3211,7934.0
VNM-ADM2-024,Hanoi,2022-06-01,6,0,0,0,2.3128,11552.0
VNM-ADM2-024,Hanoi,2022-07-01,7,0,0,0,2.2992,7671.0
VNM-ADM2-024,Hanoi,2022-08-01,8,0,0,0,2.3335,11013.0
VNM-ADM2-024,Hanoi,2022-09-01,9,0,0,0,2.2968,12180.0
VNM-ADM2-024,Hanoi,2022-10-01,10,0,0,0,2.2641,8478.0
VNM-ADM2-024,Hanoi,2022-11-01,11,0,0,0,2.3012,10982.0
VNM-ADM2-024,Hanoi,2022-12-01,12,0,0,0,2.3475,5364.0
VNM-ADM2-024,Hanoi,2023-01-01,13,0,0,0,2.3932,9721.0
VNM-ADM2-024,Hanoi,2023-02-01,14,0,0,0,2.3036,8956.0
VNM-ADM2-024,Hanoi,2023-03-01,15,0,0,0,2.3429,8250.0
VNM-ADM2-024,Hanoi,2023-04-01,16,0,0,0,2.3181,13741.0
VNM-ADM2-024,Hanoi,2023-05-01,17,0,0,0,2.2941,10285.0
VNM-ADM2-024,Hanoi,2023-06-01,18,0,0,0,2.3647,8560.0
VNM-ADM2-024,Hanoi,2023-07-01,19,0,0,0,2.3657,6859.0
VNM-ADM2-024,Hanoi,2023-08-01,20,0,0,0,2.3292,8843.0
VNM-ADM2-024,Hanoi,2023-09-01,21,0,0,0,2.2781,12697.0
VNM-ADM2-024,Hanoi,2023-10-01,22,0,0,0,2.4176,10338.0
VNM-ADM2-024,Hanoi,2023-11-01,23,0,0,0,2.3511,10416.0
VNM-ADM2-024,Hanoi,2023-12-01,24,0,0,0,2.3611,12595.0
VNM-ADM2-024,Hanoi,2024-01-01,25,0,1,0,2.3958,9008.0
VNM-ADM2-024,Hanoi,2024-02-01,26,0,1,0,2.3943,9390.0
VNM-ADM2-024,Hanoi,2024-03-01,27,0,1,0,2.3746,13065.0
VNM-ADM2-024,Hanoi,2024-04-01,28,0,1,0,2.3517,6885.0
VNM-ADM2-024,Hanoi,2024-05-01,29,0,1,0,2.4218,10510.0
VNM-ADM2-024,Hanoi,2024-06-01,30,0,1,0,2.4642,12588.0
VNM-ADM2-024,Hanoi,2024-07-01,31,0,1,0,2.4071,9068.0
VNM-ADM2-024,Hanoi,2024-08-01,32,0,1,0,2.3949,8098.0
VNM-ADM2-024,Hanoi,2024-09-01,33,0,1,0,2.427,11500.0
VNM-ADM2-024,Hanoi,2024-10-01,34,0,1,0,2.4259,10652.0
VNM-ADM2-024,Hanoi,2024-11-01,35,0,1,0,2.4312,8041.0
VNM-ADM2-024,Hanoi,2024-12-01,36,0,1,0,2.3736,5081.0
VNM-ADM2-025,Hanoi,2022-01-01,1,0,0,0,2.0645,9082.0
VNM-ADM2-025,Hanoi,2022-02-01,2,0,0,0,2.0457,8816.0
VNM-ADM2-025,Hanoi,2022-03-01,3,0,0,0,1.9928,12765.0
VNM-ADM2-025,Hanoi,2022-04-01,4,0,0,0,2.0092,10245.0
VNM-ADM2-025,Hanoi,2022-05-01,5,0,0,0,2.087,10341.0
VNM-ADM2-025,Hanoi,2022-06-01,6,0,0,0,2.0585,11004.0
VNM-ADM2-025,Hanoi,2022-07-01,7,0,0,0,2.0425,10860.0
VNM-ADM2-025,Hanoi,2022-08-01,8,0,0,0,2.0298,9714.0
VNM-ADM2-025,Hanoi,2022-09-01,9,0,0,0,2.0467,5682.0
VNM-ADM2-025,Hanoi,2022-10-01,10,0,0,0,2.0493,9654.0
VNM-ADM2-025,Hanoi,2022-11-01,11,0,0,0,2.0374,11109.0
VNM-ADM2-025,Hanoi,2022-12-01,12,0,0,0,2.0942,8145.0
VNM-ADM2-025,Hanoi,2023-01-01,13,0,0,0,2.063,9856.0
VNM-ADM2-025,Hanoi,2023-02-01,14,0,0,0,2.162,9498.0
VNM-ADM2-025,Hanoi,2023-03-01,15,0,0,0,2.1017,9017.0
VNM-ADM2-025,Hanoi,2023-04-01,16,0,0,0,2.0609,14053.0
VNM-ADM2-025,Hanoi,2023-05-01,17,0,0,0,2.0954,11327.0
VNM-ADM2-025,Hanoi,2023-06-01,18,0,0,0,2.0487,11989.0
VNM-ADM2-025,Hanoi,2023-07-01,19,0,0,0,2.0842,6049.0
VNM-ADM2-025,Hanoi,2023-08-01,20,0,0,0,2.115,8440.0
VNM-ADM2-025,Hanoi,2023-09-01,21,0,0,0,2.0353,10962.0
VNM-ADM2-025,Hanoi,2023-10-01,22,0,0,0,2.1143,3256.0
VNM-ADM2-025,Hanoi,2023-11-01,23,0,0,0,2.1091,12379.0
VNM-ADM2-025,Hanoi,2023-12-01,24,0,0,0,2.0492,13152.0
VNM-ADM2-025,Hanoi,2024-01-01,25,0,1,0,2.1254,8124.0
VNM-ADM2-025,Hanoi,2024-02-01,26,0,1,0,2.1382,5433.0
VNM-ADM2-025,Hanoi,2024-03-01,27,0,1,0,2.1384,6456.0
VNM-ADM2-025,Hanoi,2024-04-01,28,0,1,0,2.1319,11905.0
VNM-ADM2-025,Hanoi,2024-05-01,29,0,1,0,2.1469,8760.0
VNM-ADM2-025,Hanoi,2024-06-01,30,0,1,0,2.0971,9115.0
VNM-ADM2-025,Hanoi,2024-07-01,31,0,1,0,2.1728,6419.0
VNM-ADM2-025,Hanoi,2024-08-01,32,0,1,0,2.1129,5243.0
VNM-ADM2-025,Hanoi,2024-09-01,33,0,1,0,2.0635,14677.0
VNM-ADM2-025,Hanoi,2024-10-01,34,0,1,0,2.0907,10818.0
VNM-ADM2-025,Hanoi,2024-11-01,35,0,1,0,2.049,11927.0
VNM-ADM2-025,Hanoi,2024-12-01,36,0,1,0,2.1331,14578.0
VNM-ADM2-026,Hanoi,2022-01-01,1,1,0,0,2.1248,11922.0
VNM-ADM2-026,Hanoi,2022-02-01,2,1,0,0,2.1262,10112.0
VNM-ADM2-026,Hanoi,2022-03-01,3,1,0,0,2.1437,6901.0
VNM-ADM2-026,Hanoi,2022-04-01,4,1,0,0,2.0828,11541.0
VNM-ADM2-026,Hanoi,2022-05-01,5,1,0,0,2.1301,12072.0
VNM-ADM2-026,Hanoi,2022-06-01,6,1,0,0,2.1963,12237.0
VNM-ADM2-026,Hanoi,2022-07-01,7,1,0,0,2.1255,7855.0
VNM-ADM2-026,Hanoi,2022-08-01,8,1,0,0,2.1546,7338.0
VNM-ADM2-026,Hanoi,2022-09-01,9,1,0,0,2.1762,7269.0
VNM-ADM2-026,Hanoi,2022-10-01,10,1,0,0,2.1001,12278.0
VNM-ADM2-026,Hanoi,2022-11-01,11,1,0,0,2.121,10485.0
VNM-ADM2-026,Hanoi,2022-12-01,12,1,0,0,2.175,11681.0
VNM-ADM2-026,Hanoi,2023-01-01,13,1,0,0,2.1546,9073.0
VNM-ADM2-026,Hanoi,2023-02-01,14,1,0,0,2.1608,11261.0
VNM-ADM2-026,Hanoi,2023-03-01,15,1,0,0,2.1903,10493.0
VNM-ADM2-026,Hanoi,2023-04-01,16,1,0,0,2.1516,10504.0
VNM-ADM2-026,Hanoi,2023-05-01,17,1,0,0,2.1512,6379.0
VNM-ADM2-026,Hanoi,2023-06-01,18,1,0,0,2.2055,10565.0
VNM-ADM2-026,Hanoi,2023-07-01,19,1,0,0,2.1594,11021.0
VNM-ADM2-026,Hanoi,2023-08-01,20,1,0,0,2.2088,6031.0
VNM-ADM2-026,Hanoi,2023-09-01,21,1,0,0,2.163,11580.0
VNM-ADM2-026,Hanoi,2023-10-01,22,1,0,0,2.1558,10824.0
VNM-ADM2-026,Hanoi,2023-11-01,23,1,0,0,2.1766,11354.0
VNM-ADM2-026,Hanoi,2023-12-01,24,1,0,0,2.2049,3692.0
VNM-ADM2-026,Hanoi,2024-01-01,25,1,1,1,2.2588,9986.0
VNM-ADM2-026,Hanoi,2024-02-01,26,1,1,1,2.2252,13684.0
VNM-ADM2-026,Hanoi,2024-03-01,27,1,1,1,2.2079,8254.0
VNM-ADM2-026,Hanoi,2024-04-01,28,1,1,1,2.2637,7478.0
VNM-ADM2-026,Hanoi,2024-05-01,29,1,1,1,2.3148,12270.0
VNM-ADM2-026,Hanoi,2024-06-01,30,1,1,1,2.2648,10967.0
VNM-ADM2-026,Hanoi,2024-07-01,31,1,1,1,2.2419,7207.0
VNM-ADM2-026,Hanoi,2024-08-01,32,1,1,1,2.2761,8561.0
VNM-ADM2-026,Hanoi,2024-09-01,33,1,1,1,2.2498,12460.0
VNM-ADM2-026,Hanoi,2024-10-01,34,1,1,1,2.2868,7836.0
VNM-ADM2-026,Hanoi,2024-11-01,35,1,1,1,2.299,5571.0
VNM-ADM2-026,Hanoi,2024-12-01,36,1,1,1,2.2482,12829.0
VNM-ADM2-027,Hanoi,2022-01-01,1,0,0,0,2.5127,13815.0
VNM-ADM2-027,Hanoi,2022-02-01,2,0,0,0,2.4802,9701.0
VNM-ADM2-027,Hanoi,2022-03-01,3,0,0,0,2.5247,9899.0
VNM-ADM2-027,Hanoi,2022-04-01,4,0,0,0,2.5109,7163.0
VNM-ADM2-027,Hanoi,2022-05-01,5,0,0,0,2.5237,8076.0
VNM-ADM2-027,Hanoi,2022-06-01,6,0,0,0,2.5116,12196.0
VNM-ADM2-027,Hanoi,2022-07-01,7,0,0,0,2.5075,12191.0
VNM-ADM2-027,Hanoi,2022-08-01,8,0,0,0,2.4919,6463.0
VNM-ADM2-027,Hanoi,2022-09-01,9,0,0,0,2.5133,12145.0
VNM-ADM2-027,Hanoi,2022-10-01,10,0,0,0,2.529,8214.0
VNM-ADM2-027,Hanoi,2022-11-01,11,0,0,0,2.4482,6221.0
VNM-ADM2-027,Hanoi,2022-12-01,12,0,0,0,2.5661,9316.0
VNM-ADM2-027,Hanoi,2023-01-01,13,0,0,0,2.5332,14636.0
VNM-ADM2-027,Hanoi,2023-02-01,14,0,0,0,2.5545,11930.0
VNM-ADM2-027,Hanoi,2023-03-01,15,0,0,0,2.5554,13197.0
VNM-ADM2-027,Hanoi,2023-04-01,16,0,0,0,2.5474,4058.0
VNM-ADM2-027,Hanoi,2023-05-01,17,0,0,0,2.5548,11059.0
VNM-ADM2-027,Hanoi,2023-06-01,18,0,0,0,2.5684,7677.0
VNM-ADM2-027,Hanoi,2023-07-01,19,0,0,0,2.4847,9083.0
VNM-ADM2-027,Hanoi,2023-08-01,20,0,0,0,2.5384,13517.0
VNM-ADM2-027,Hanoi,2023-09-01,21,0,0,0,2.5195,8812.0
VNM-ADM2-027,Hanoi,2023-10-01,22,0,0,0,2.5346,8297.0
VNM-ADM2-027,Hanoi,2023-11-01,23,0,0,0,2.5017,12798.0
VNM-ADM2-027,Hanoi,2023-12-01,24,0,0,0,2.5701,15983.0
VNM-ADM2-027,Hanoi,2024-01-01,25,0,1,0,2.5712,5942.0
VNM-ADM2-027,Hanoi,2024-02-01,26,0,1,0,2.5673,11049.0
VNM-ADM2-027,Hanoi,2024-03-01,27,0,1,0,2.5896,6304.0
VNM-ADM2-027,Hanoi,2024-04-01,28,0,1,0,2.5643,4771.0
VNM-ADM2-027,Hanoi,2024-05-01,29,0,1,0,2.5852,11648.0
VNM-ADM2-027,Hanoi,2024-06-01,30,0,1,0,2.597,8966.0
VNM-ADM2-027,Hanoi,2024-07-01,31,0,1,0,2.6186,10426.0
VNM-ADM2-027,Hanoi,2024-08-01,32,0,1,0,2.5476,10943.0
VNM-ADM2-027,Hanoi,2024-09-01,33,0,1,0,2.5484,9961.0
VNM-ADM2-027,Hanoi,2024-10-01,34,0,1,0,2.646,15482.0
VNM-ADM2-027,Hanoi,2024-11-01,35,0,1,0,2.5745,7387.0
VNM-ADM2-027,Hanoi,2024-12-01,36,0,1,0,2.6313,7910.0
VNM-ADM2-028,Hanoi,2022-01-01,1,0,0,0,2.4615,13801.0
VNM-ADM2-028,Hanoi,2022-02-01,2,0,0,0,2.471,7920.0
VNM-ADM2-028,Hanoi,2022-03-01,3,0,0,0,2.5279,8466.0
VNM-ADM2-028,Hanoi,2022-04-01,4,0,0,0,2.4702,6838.0
VNM-ADM2-028,Hanoi,2022-05-01,5,0,0,0,2.449,8409.0
VNM-ADM2-028,Hanoi,2022-06-01,6,0,0,0,2.4694,5706.0
VNM-ADM2-028,Hanoi,2022-07-01,7,0,0,0,2.5508,13254.0
VNM-ADM2-028,Hanoi,2022-08-01,8,0,0,0,2.4625,13481.0
VNM-ADM2-028,Hanoi,2022-09-01,9,0,0,0,2.5298,5535.0
VNM-ADM2-028,Hanoi,2022-10-01,10,0,0,0,2.5017,12174.0
VNM-ADM2-028,Hanoi,2022-11-01,11,0,0,0,2.5258,6266.0
VNM-ADM2-028,Hanoi,2022-12-01,12,0,0,0,2.5228,4876.0
VNM-ADM2-028,Hanoi,2023-01-01,13,0,0,0,2.5317,8245.0
VNM-ADM2-028,Hanoi,2023-02-01,14,0,0,0,2.5212,11458.0
VNM-ADM2-028,Hanoi,2023-03-01,15,0,0,0,2.5141,8580.0
VNM-ADM2-028,Hanoi,2023-04-01,16,0,0,0,2.5435,8066.0
VNM-ADM2-028,Hanoi,2023-05-01,17,0,0,0,2.5588,9344.0
VNM-ADM2-028,Hanoi,2023-06-01,18,0,0,0,2.5143,12153.0
VNM-ADM2-028,Hanoi,2023-07-01,19,0,0,0,2.5141,2670.0
VNM-ADM2-028,Hanoi,2023-08-01,20,0,0,0,2.5528,5819.0
VNM-ADM2-028,Hanoi,2023-09-01,21,0,0,0,2.5388,8690.0
VNM-ADM2-028,Hanoi,2023-10-01,22,0,0,0,2.5478,12681.0
VNM-ADM2-028,Hanoi,2023-11-01,23,0,0,0,2.5153,6921.0
VNM-ADM2-028,Hanoi,2023-12-01,24,0,0,0,2.5475,5457.0
VNM-ADM2-028,Hanoi,2024-01-01,25,0,1,0,2.5491,10350.0
VNM-ADM2-028,Hanoi,2024-02-01,26,0,1,0,2.561,11239.0
VNM-ADM2-028,Hanoi,2024-03-01,27,0,1,0,2.5872,9606.0
VNM-ADM2-028,Hanoi,2024-04-01,28,0,1,0,2.583,8334.0
VNM-ADM2-028,Hanoi,2024-05-01,29,0,1,0,2.5664,4517.0
VNM-ADM2-028,Hanoi,2024-06-01,30,0,1,0,2.6384,10800.0
VNM-ADM2-028,Hanoi,2024-07-01,31,0,1,0,2.594,11561.0
VNM-ADM2-028,Hanoi,2024-08-01,32,0,1,0,2.5469,11492.0
VNM-ADM2-028,Hanoi,2024-09-01,33,0,1,0,2.4952,7709.0
VNM-ADM2-028,Hanoi,2024-10-01,34,0,1,0,2.592,12869.0
VNM-ADM2-028,Hanoi,2024-11-01,35,0,1,0,2.5713,10955.0
VNM-ADM2-028,Hanoi,2024-12-01,36,0,1,0,2.6098,8730.0
VNM-ADM2-029,Hanoi,2022-01-01,1,1,0,0,2.337,10133.0
VNM-ADM2-029,Hanoi,2022-02-01,2,1,0,0,2.3267,8004.0
VNM-ADM2-029,Hanoi,2022-03-01,3,1,0,0,2.3368,8932.0
VNM-ADM2-029,Hanoi,2022-04-01,4,1,0,0,2.4189,11691.0
VNM-ADM2-029,Hanoi,2022-05-01,5,1,0,0,2.4321,8374.0
VNM-ADM2-029,Hanoi,2022-06-01,6,1,0,0,2.4126,9980.0
VNM-ADM2-029,Hanoi,2022-07-01,7,1,0,0,2.3611,10505.0
VNM-ADM2-029,Hanoi,2022-08-01,8,1,0,0,2.4065,13275.0
VNM-ADM2-029,Hanoi,2022-09-01,9,1,0,0,2.4137,6524.0
VNM-ADM2-029,Hanoi,2022-10-01,10,1,0,0,2.4064,9665.0
VNM-ADM2-029,Hanoi,2022-11-01,11,1,0,0,2.3788,9713.0
VNM-ADM2-029,Hanoi,2022-12-01,12,1,0,0,2.4596,11292.0
VNM-ADM2-029,Hanoi,2023-01-01,13,1,0,0,2.4303,12524.0
VNM-ADM2-029,Hanoi,2023-02-01,14,1,0,0,2.4329,7701.0
VNM-ADM2-029,Hanoi,2023-03-01,15,1,0,0,2.4514,9522.0
VNM-ADM2-029,Hanoi,2023-04-01,16,1,0,0,2.3537,10987.0
VNM-ADM2-029,Hanoi,2023-05-01,17,1,0,0,2.5407,6217.0
VNM-ADM2-029,Hanoi,2023-06-01,18,1,0,0,2.4566,3489.0
VNM-ADM2-029,Hanoi,2023-07-01,19,1,0,0,2.4119,3346.0
VNM-ADM2-029,Hanoi,2023-08-01,20,1,0,0,2.4265,8684.0
VNM-ADM2-029,Hanoi,2023-09-01,21,1,0,0,2.4512,10430.0
VNM-ADM2-029,Hanoi,2023-10-01,22,1,0,0,2.4053,11824.0
VNM-ADM2-029,Hanoi,2023-11-01,23,1,0,0,2.4244,10333.0
VNM-ADM2-029,Hanoi,2023-12-01,24,1,0,0,2.4445,10104.0
VNM-ADM2-029,Hanoi,2024-01-01,25,1,1,1,2.4848,10513.0
VNM-ADM2-029,Hanoi,2024-02-01,26,1,1,1,2.5342,7507.0
VNM-ADM2-029,Hanoi,2024-03-01,27,1,1,1,2.5498,10181.0
VNM-ADM2-029,Hanoi,2024-04-01,28,1,1,1,2.5111,6236.0
VNM-ADM2-029,Hanoi,2024-05-01,29,1,1,1,2.5169,10908.0
VNM-ADM2-029,Hanoi,2024-06-01,30,1,1,1,2.5793,10432.0
VNM-ADM2-029,Hanoi,2024-07-01,31,1,1,1,2.5366,9026.0
VNM-ADM2-029,Hanoi,2024-08-01,32,1,1,1,2.475,5321.0
VNM-ADM2-029,Hanoi,2024-09-01,33,1,1,1,2.5793,13255.0
VNM-ADM2-029,Hanoi,2024-10-01,34,1,1,1,2.5855,8113.0
VNM-ADM2-029,Hanoi,2024-11-01,35,1,1,1,2.5702,13571.0
VNM-ADM2-029,Hanoi,2024-12-01,36,1,1,1,2.5655,10675.0
VNM-ADM2-030,Hanoi,2022-01-01,1,1,0,0,2.0827,11065.0
VNM-ADM2-030,Hanoi,2022-02-01,2,1,0,0,2.038,9737.0
VNM-ADM2-030,Hanoi,2022-03-01,3,1,0,0,2.0954,12058.0
VNM-ADM2-030,Hanoi,2022-04-01,4,1,0,0,2.0577,4079.0
VNM-ADM2-030,Hanoi,2022-05-01,5,1,0,0,2.1599,7731.0
VNM-ADM2-030,Hanoi,2022-06-01,6,1,0,0,2.0966,4234.0
VNM-ADM2-030,Hanoi,2022-07-01,7,1,0,0,2.127,9906.0
VNM-ADM2-030,Hanoi,2022-08-01,8,1,0,0,2.0275,7127.0
VNM-ADM2-030,Hanoi,2022-09-01,9,1,0,0,2.1267,6101.0
VNM-ADM2-030,Hanoi,2022-10-01,10,1,0,0,2.0152,11808.0
VNM-ADM2-030,Hanoi,2022-11-01,11,1,0,0,2.1042,15870.0
VNM-ADM2-030,Hanoi,2022-12-01,12,1,0,0,2.1786,7970.0
VNM-ADM2-030,Hanoi,2023-01-01,13,1,0,0,2.1241,10996.0
VNM-ADM2-030,Hanoi,2023-02-01,14,1,0,0,2.1627,6585.0
VNM-ADM2-030,Hanoi,2023-03-01,15,1,0,0,2.128,7260.0
VNM-ADM2-030,Hanoi,2023-04-01,16,1,0,0,2.1275,12379.0
VNM-ADM2-030,Hanoi,2023-05-01,17,1,0,0,2.138,10676.0
VNM-ADM2-030,Hanoi,2023-06-01,18,1,0,0,2.1504,10684.0
VNM-ADM2-030,Hanoi,2023-07-01,19,1,0,0,2.1596,11160.0
VNM-ADM2-030,Hanoi,2023-08-01,20,1,0,0,2.186,6568.0
VNM-ADM2-030,Hanoi,2023-09-01,21,1,0,0,2.1561,11196.0
VNM-ADM2-030,Hanoi,2023-10-01,22,1,0,0,2.1903,15017.0
VNM-ADM2-030,Hanoi,2023-11-01,23,1,0,0,2.1671,11586.0
VNM-ADM2-030,Hanoi,2023-12-01,24,1,0,0,2.182,8062.0
VNM-ADM2-030,Hanoi,2024-01-01,25,1,1,1,2.224,5864.0
VNM-ADM2-030,Hanoi,2024-02-01,26,1,1,1,2.2798,10785.0
VNM-ADM2-030,Hanoi,2024-03-01,27,1,1,1,2.2416,7926.0
VNM-ADM2-030,Hanoi,2024-04-01,28,1,1,1,2.2713,10415.0
VNM-ADM2-030,Hanoi,2024-05-01,29,1,1,1,2.2652,10787.0
VNM-ADM2-030,Hanoi,2024-06-01,30,1,1,1,2.196,13295.0
VNM-ADM2-030,Hanoi,2024-07-01,31,1,1,1,2.2657,7914.0
VNM-ADM2-030,Hanoi,2024-08-01,32,1,1,1,2.3028,7424.0
VNM-ADM2-030,Hanoi,2024-09-01,33,1,1,1,2.3143,9550.0
VNM-ADM2-030,Hanoi,2024-10-01,34,1,1,1,2.2366,6756.0
VNM-ADM2-030,Hanoi,2024-11-01,35,1,1,1,2.2758,9871.0
VNM-ADM2-030,Hanoi,2024-12-01,36,1,1,1,2.3114,14900.0
VNM-ADM2-031,Hanoi,2022-01-01,1,1,0,0,2.0768,6340.0
VNM-ADM2-031,Hanoi,2022-02-01,2,1,0,0,2.085,13723.0
VNM-ADM2-031,Hanoi,2022-03-01,3,1,0,0,2.026,9909.0
VNM-ADM2-031,Hanoi,2022-04-01,4,1,0,0,2.1178,14573.0
VNM-ADM2-031,Hanoi,2022-05-01,5,1,0,0,2.0876,13713.0
VNM-ADM2-031,Hanoi,2022-06-01,6,1,0,0,2.0769,7187.0
VNM-ADM2-031,Hanoi,2022-07-01,7,1,0,0,2.0895,13407.0
VNM-ADM2-031,Hanoi,2022-08-01,8,1,0,0,2.1124,13108.0
VNM-ADM2-031,Hanoi,2022-09-01,9,1,0,0,2.0624,11840.0
VNM-ADM2-031,Hanoi,2022-10-01,10,1,0,0,2.1032,12797.0
VNM-ADM2-031,Hanoi,2022-11-01,11,1,0,0,2.0881,12724.0
VNM-ADM2-031,Hanoi,2022-12-01,12,1,0,0,2.1007,12407.0
VNM-ADM2-031,Hanoi,2023-01-01,13,1,0,0,2.0927,10180.0
VNM-ADM2-031,Hanoi,2023-02-01,14,1,0,0,2.09,7009.0
VNM-ADM2-031,Hanoi,2023-03-01,15,1,0,0,2.0937,11417.0
VNM-ADM2-031,Hanoi,2023-04-01,16,1,0,0,2.0971,8766.0
VNM-ADM2-031,Hanoi,2023-05-01,17,1,0,0,2.1203,11257.0
VNM-ADM2-031,Hanoi,2023-06-01,18,1,0,0,2.1478,12979.0
VNM-ADM2-031,Hanoi,2023-07-01,19,1,0,0,2.1131,11787.0
VNM-ADM2-031,Hanoi,2023-08-01,20,1,0,0,2.0462,10511.0
VNM-ADM2-031,Hanoi,2023-09-01,21,1,0,0,2.1163,12456.0
VNM-ADM2-031,Hanoi,2023-10-01,22,1,0,0,2.1509,11286.0
VNM-ADM2-031,Hanoi,2023-11-01,23,1,0,0,2.1331,8534.0
VNM-ADM2-031,Hanoi,2023-12-01,24,1,0,0,2.2189,14856.0
VNM-ADM2-031,Hanoi,2024-01-01,25,1,1,1,2.1932,15093.0
VNM-ADM2-031,Hanoi,2024-02-01,26,1,1,1,2.2626,12410.0
VNM-ADM2-031,Hanoi,2024-03-01,27,1,1,1,2.2137,12037.0
VNM-ADM2-031,Hanoi,2024-04-01,28,1,1,1,2.2283,8629.0
VNM-ADM2-031,Hanoi,2024-05-01,29,1,1,1,2.1917,10370.0
VNM-ADM2-031,Hanoi,2024-06-01,30,1,1,1,2.2402,7800.0
VNM-ADM2-031,Hanoi,2024-07-01,31,1,1,1,2.2214,11730.0
VNM-ADM2-031,Hanoi,2024-08-01,32,1,1,1,2.239,2205.0
VNM-ADM2-031,Hanoi,2024-09-01,33,1,1,1,2.2839,9554.0
VNM-ADM2-031,Hanoi,2024-10-01,34,1,1,1,2.2067,8284.0
VNM-ADM2-031,Hanoi,2024-11-01,35,1,1,1,2.2753,10754.0
VNM-ADM2-031,Hanoi,2024-12-01,36,1,1,1,2.2557,5744.0
VNM-ADM2-032,Hanoi,2022-01-01,1,1,0,0,1.7917,13140.0
VNM-ADM2-032,Hanoi,2022-02-01,2,1,0,0,1.8202,12460.0
VNM-ADM2-032,Hanoi,2022-03-01,3,1,0,0,1.8543,5784.0
VNM-ADM2-032,Hanoi,2022-04-01,4,1,0,0,1.8696,9650.0
VNM-ADM2-032,Hanoi,2022-05-01,5,1,0,0,1.8683,7783.0
VNM-ADM2-032,Hanoi,2022-06-01,6,1,0,0,1.8956,8306.0
VNM-ADM2-032,Hanoi,2022-07-01,7,1,0,0,1.8449,12030.0
VNM-ADM2-032,Hanoi,2022-08-01,8,1,0,0,1.8452,7802.0
VNM-ADM2-032,Hanoi,2022-09-01,9,1,0,0,1.8003,8803.0
VNM-ADM2-032,Hanoi,2022-10-01,10,1,0,0,1.8413,11734.0
VNM-ADM2-032,Hanoi,2022-11-01,11,1,0,0,1.8512,5635.0
VNM-ADM2-032,Hanoi,2022-12-01,12,1,0,0,1.8578,5734.0
VNM-ADM2-032,Hanoi,2023-01-01,13,1,0,0,1.7864,8917.0
VNM-ADM2-032,Hanoi,2023-02-01,14,1,0,0,1.7912,9409.0
VNM-ADM2-032,Hanoi,2023-03-01,15,1,0,0,1.8697,13860.0
VNM-ADM2-032,Hanoi,2023-04-01,16,1,0,0,1.8414,4101.0
VNM-ADM2-032,Hanoi,2023-05-01,17,1,0,0,1.9063,8564.0
VNM-ADM2-032,Hanoi,2023-06-01,18,1,0,0,1.8804,9136.0
VNM-ADM2-032,Hanoi,2023-07-01,19,1,0,0,1.8802,13814.0
VNM-ADM2-032,Hanoi,2023-08-01,20,1,0,0,1.8567,8913.0
VNM-ADM2-032,Hanoi,2023-09-01,21,1,0,0,1.8813,9949.0
VNM-ADM2-032,Hanoi,2023-10-01,22,1,0,0,1.9032,12799.0
VNM-ADM2-032,Hanoi,2023-11-01,23,1,0,0,1.9164,7632.0
VNM-ADM2-032,Hanoi,2023-12-01,24,1,0,0,1.852,7484.0
VNM-ADM2-032,Hanoi,2024-01-01,25,1,1,1,1.9927,12443.0
VNM-ADM2-032,Hanoi,2024-02-01,26,1,1,1,1.9559,11484.0
VNM-ADM2-032,Hanoi,2024-03-01,27,1,1,1,1.9929,7961.0
VNM-ADM2-032,Hanoi,2024-04-01,28,1,1,1,2.0421,7835.0
VNM-ADM2-032,Hanoi,2024-05-01,29,1,1,1,1.9859,11203.0
VNM-ADM2-032,Hanoi,2024-06-01,30,1,1,1,1.9697,14674.0
VNM-ADM2-032,Hanoi,2024-07-01,31,1,1,1,1.9318,7860.0
VNM-ADM2-032,Hanoi,2024-08-01,32,1,1,1,1.9773,8804.0
VNM-ADM2-032,Hanoi,2024-09-01,33,1,1,1,1.9748,5592.0
VNM-ADM2-032,Hanoi,2024-10-01,34,1,1,1,2.0077,8020.0
VNM-ADM2-032,Hanoi,2024-11-01,35,1,1,1,2.0145,9802.0
VNM-ADM2-032,Hanoi,2024-12-01,36,1,1,1,2.0316,13347.0
VNM-ADM2-033,Hanoi,2022-01-01,1,1,0,0,1.8113,8246.0
VNM-ADM2-033,Hanoi,2022-02-01,2,1,0,0,1.8396,11741.0
VNM-ADM2-033,Hanoi,2022-03-01,3,1,0,0,1.8638,7870.0
VNM-ADM2-033,Hanoi,2022-04-01,4,1,0,0,1.8519,9344.0
VNM-ADM2-033,Hanoi,2022-05-01,5,1,0,0,1.8825,12329.0
VNM-ADM2-033,Hanoi,2022-06-01,6,1,0,0,1.8665,13572.0
VNM-ADM2-033,Hanoi,2022-07-01,7,1,0,0,1.8483,6802.0
VNM-ADM2-033,Hanoi,2022-08-01,8,1,0,0,1.8098,10016.0
VNM-ADM2-033,Hanoi,2022-09-01,9,1,0,0,1.8444,11191.0
VNM-ADM2-033,Hanoi,2022-10-01,10,1,0,0,1.8165,8809.0
VNM-ADM2-033,Hanoi,2022-11-01,11,1,0,0,1.8156,9534.0
VNM-ADM2-033,Hanoi,2022-12-01,12,1,0,0,1.8551,8239.0
VNM-ADM2-033,Hanoi,2023-01-01,13,1,0,0,1.9075,12324.0
VNM-ADM2-033,Hanoi,2023-02-01,14,1,0,0,1.8949,9622.0
VNM-ADM2-033,Hanoi,2023-03-01,15,1,0,0,1.862,11978.0
VNM-ADM2-033,Hanoi,2023-04-01,16,1,0,0,1.9446,11869.0
VNM-ADM2-033,Hanoi,2023-05-01,17,1,0,0,1.8622,11646.0
VNM-ADM2-033,Hanoi,2023-06-01,18,1,0,0,1.8633,11138.0
VNM-ADM2-033,Hanoi,2023-07-01,19,1,0,0,1.8594,10797.0
VNM-ADM2-033,Hanoi,2023-08-01,20,1,0,0,1.9022,11361.0
VNM-ADM2-033,Hanoi,2023-09-01,21,1,0,0,1.8118,8302.0
VNM-ADM2-033,Hanoi,2023-10-01,22,1,0,0,1.9446,5213.0
VNM-ADM2-033,Hanoi,2023-11-01,23,1,0,0,1.8329,9480.0
VNM-ADM2-033,Hanoi,2023-12-01,24,1,0,0,1.9518,10156.0
VNM-ADM2-033,Hanoi,2024-01-01,25,1,1,1,2.0394,9666.0
VNM-ADM2-033,Hanoi,2024-02-01,26,1,1,1,1.9739,10870.0
VNM-ADM2-033,Hanoi,2024-03-01,27,1,1,1,1.9598,10494.0
VNM-ADM2-033,Hanoi,2024-04-01,28,1,1,1,1.9918,6330.0
VNM-ADM2-033,Hanoi,2024-05-01,29,1,1,1,2.0115,12308.0
VNM-ADM2-033,Hanoi,2024-06-01,30,1,1,1,1.9669,11096.0
VNM-ADM2-033,Hanoi,2024-07-01,31,1,1,1,1.999,12310.0
VNM-ADM2-033,Hanoi,2024-08-01,32,1,1,1,1.9472,6412.0
VNM-ADM2-033,Hanoi,2024-09-01,33,1,1,1,1.9364,9320.0
VNM-ADM2-033,Hanoi,2024-10-01,34,1,1,1,1.9913,9528.0
VNM-ADM2-033,Hanoi,2024-11-01,35,1,1,1,1.952,9952.0
VNM-ADM2-033,Hanoi,2024-12-01,36,1,1,1,2.0261,7742.0
VNM-ADM2-034,Hanoi,2022-01-01,1,0,0,0,2.6576,9699.0
VNM-ADM2-034,Hanoi,2022-02-01,2,0,0,0,2.6684,6297.0
VNM-ADM2-034,Hanoi,2022-03-01,3,0,0,0,2.6679,7936.0
VNM-ADM2-034,Hanoi,2022-04-01,4,0,0,0,2.6965,6090.0
VNM-ADM2-034,Hanoi,2022-05-01,5,0,0,0,2.7206,9045.0
VNM-ADM2-034,Hanoi,2022-06-01,6,0,0,0,2.7095,10224.0
VNM-ADM2-034,Hanoi,2022-07-01,7,0,0,0,2.7243,9650.0
VNM-ADM2-034,Hanoi,2022-08-01,8,0,0,0,2.6876,10989.0
VNM-ADM2-034,Hanoi,2022-09-01,9,0,0,0,2.6621,9975.0
VNM-ADM2-034,Hanoi,2022-10-01,10,0,0,0,2.6846,4073.0
VNM-ADM2-034,Hanoi,2022-11-01,11,0,0,0,2.6529,7690.0
VNM-ADM2-034,Hanoi,2022-12-01,12,0,0,0,2.7396,13010.0
VNM-ADM2-034,Hanoi,2023-01-01,13,0,0,0,2.7057,6996.0
VNM-ADM2-034,Hanoi,2023-02-01,14,0,0,0,2.7252,9295.0
VNM-ADM2-034,Hanoi,2023-03-01,15,0,0,0,2.7441,14612.0
VNM-ADM2-034,Hanoi,2023-04-01,16,0,0,0,2.6892,10033.0
VNM-ADM2-034,Hanoi,2023-05-01,17,0,0,0,2.7757,8335.0
VNM-ADM2-034,Hanoi,2023-06-01,18,0,0,0,2.7371,11559.0
VNM-ADM2-034,Hanoi,2023-07-01,19,0,0,0,2.7418,8153.0
VNM-ADM2-034,Hanoi,2023-08-01,20,0,0,0,2.7264,11381.0
VNM-ADM2-034,Hanoi,2023-09-01,21,0,0,0,2.7557,11275.0
VNM-ADM2-034,Hanoi,2023-10-01,22,0,0,0,2.7975,13511.0
VNM-ADM2-034,Hanoi,2023-11-01,23,0,0,0,2.7074,12277.0
VNM-ADM2-034,Hanoi,2023-12-01,24,0,0,0,2.8296,10511.0
VNM-ADM2-034,Hanoi,2024-01-01,25,0,1,0,2.7156,6245.0
VNM-ADM2-034,Hanoi,2024-02-01,26,0,1,0,2.7906,9223.0
VNM-ADM2-034,Hanoi,2024-03-01,27,0,1,0,2.8056,14059.0
VNM-ADM2-034,Hanoi,2024-04-01,28,0,1,0,2.85,10255.0
VNM-ADM2-034,Hanoi,2024-05-01,29,0,1,0,2.7993,9547.0
VNM-ADM2-034,Hanoi,2024-06-01,30,0,1,0,2.8368,14684.0
VNM-ADM2-034,Hanoi,2024-07-01,31,0,1,0,2.7561,6970.0
VNM-ADM2-034,Hanoi,2024-08-01,32,0,1,0,2.7453,9632.0
VNM-ADM2-034,Hanoi,2024-09-01,33,0,1,0,2.7729,14218.0
VNM-ADM2-034,Hanoi,2024-10-01,34,0,1,0,2.7938,10801.0
VNM-ADM2-034,Hanoi,2024-11-01,35,0,1,0,2.8507,12831.0
VNM-ADM2-034,Hanoi,2024-12-01,36,0,1,0,2.8063,6496.0
VNM-ADM2-035,Hanoi,2022-01-01,1,0,0,0,1.8121,9397.0
VNM-ADM2-035,Hanoi,2022-02-01,2,0,0,0,1.8043,14104.0
VNM-ADM2-035,Hanoi,2022-03-01,3,0,0,0,1.8218,8932.0
VNM-ADM2-035,Hanoi,2022-04-01,4,0,0,0,1.866,13702.0
VNM-ADM2-035,Hanoi,2022-05-01,5,0,0,0,1.8604,6680.0
VNM-ADM2-035,Hanoi,2022-06-01,6,0,0,0,1.7808,13293.0
VNM-ADM2-035,Hanoi,2022-07-01,7,0,0,0,1.8329,7355.0
VNM-ADM2-035,Hanoi,2022-08-01,8,0,0,0,1.8397,11854.0
VNM-ADM2-035,Hanoi,2022-09-01,9,0,0,0,1.8425,11706.0
VNM-ADM2-035,Hanoi,2022-10-01,10,0,0,0,1.8423,6920.0
VNM-ADM2-035,Hanoi,2022-11-01,11,0,0,0,1.8502,12657.0
VNM-ADM2-035,Hanoi,2022-12-01,12,0,0,0,1.8823,13730.0
VNM-ADM2-035,Hanoi,2023-01-01,13,0,0,0,1.8707,11890.0
VNM-ADM2-035,Hanoi,2023-02-01,14,0,0,0,1.787,8722.0
VNM-ADM2-035,Hanoi,2023-03-01,15,0,0,0,1.8738,8832.0
VNM-ADM2-035,Hanoi,2023-04-01,16,0,0,0,1.8867,9847.0
VNM-ADM2-035,Hanoi,2023-05-01,17,0,0,0,1.8284,10147.0
VNM-ADM2-035,Hanoi,2023-06-01,18,0,0,0,1.8873,12718.0
VNM-ADM2-035,Hanoi,2023-07-01,19,0,0,0,1.8943,9203.0
VNM-ADM2-035,Hanoi,2023-08-01,20,0,0,0,1.8581,7030.0
VNM-ADM2-035,Hanoi,2023-09-01,21,0,0,0,1.8908,7137.0
VNM-ADM2-035,Hanoi,2023-10-01,22,0,0,0,1.8474,12531.0
VNM-ADM2-035,Hanoi,2023-11-01,23,0,0,0,1.8881,10932.0
VNM-ADM2-035,Hanoi,2023-12-01,24,0,0,0,1.9276,7285.0
VNM-ADM2-035,Hanoi,2024-01-01,25,0,1,0,1.8818,6565.0
VNM-ADM2-035,Hanoi,2024-02-01,26,0,1,0,1.9395,13548.0
VNM-ADM2-035,Hanoi,2024-03-01,27,0,1,0,1.8619,5057.0
VNM-ADM2-035,Hanoi,2024-04-01,28,0,1,0,1.8866,8009.0
VNM-ADM2-035,Hanoi,2024-05-01,29,0,1,0,1.8986,12093.0
VNM-ADM2-035,Hanoi,2024-06-01,30,0,1,0,1.9521,7334.0
VNM-ADM2-035,Hanoi,2024-07-01,31,0,1,0,1.9215,8858.0
VNM-ADM2-035,Hanoi,2024-08-01,32,0,1,0,1.9533,13853.0
VNM-ADM2-035,Hanoi,2024-09-01,33,0,1,0,1.9537,8601.0
VNM-ADM2-035,Hanoi,2024-10-01,34,0,1,0,1.9297,9605.0
VNM-ADM2-035,Hanoi,2024-11-01,35,0,1,0,1.9131,10545.0
VNM-ADM2-035,Hanoi,2024-12-01,36,0,1,0,1.934,9467.0
VNM-ADM2-036,Hanoi,2022-01-01,1,1,0,0,2.323,8771.0
VNM-ADM2-036,Hanoi,2022-02-01,2,1,0,0,2.3018,9663.0
VNM-ADM2-036,Hanoi,2022-03-01,3,1,0,0,2.3572,7171.0
VNM-ADM2-036,Hanoi,2022-04-01,4,1,0,0,2.3497,8803.0
VNM-ADM2-036,Hanoi,2022-05-01,5,1,0,0,2.4048,11830.0
VNM-ADM2-036,Hanoi,2022-06-01,6,1,0,0,2.2982,13873.0
VNM-ADM2-036,Hanoi,2022-07-01,7,1,0,0,2.3834,8229.0
VNM-ADM2-036,Hanoi,2022-08-01,8,1,0,0,2.4029,5371.0
VNM-ADM2-036,Hanoi,2022-09-01,9,1,0,0,2.3748,7875.0
VNM-ADM2-036,Hanoi,2022-10-01,10,1,0,0,2.3159,16786.0
VNM-ADM2-036,Hanoi,2022-11-01,11,1,0,0,2.4141,9125.0
VNM-ADM2-036,Hanoi,2022-12-01,12,1,0,0,2.3233,8773.0
VNM-ADM2-036,Hanoi,2023-01-01,13,1,0,0,2.3539,10369.0
VNM-ADM2-036,Hanoi,2023-02-01,14,1,0,0,2.3578,11550.0
VNM-ADM2-036,Hanoi,2023-03-01,15,1,0,0,2.3812,10144.0
VNM-ADM2-036,Hanoi,2023-04-01,16,1,0,0,2.3057,9457.0
VNM-ADM2-036,Hanoi,2023-05-01,17,1,0,0,2.3971,9149.0
VNM-ADM2-036,Hanoi,2023-06-01,18,1,0,0,2.3808,5151.0
VNM-ADM2-036,Hanoi,2023-07-01,19,1,0,0,2.4079,8767.0
VNM-ADM2-036,Hanoi,2023-08-01,20,1,0,0,2.4317,10935.0
VNM-ADM2-036,Hanoi,2023-09-01,21,1,0,0,2.4041,4941.0
VNM-ADM2-036,Hanoi,2023-10-01,22,1,0,0,2.3823,10803.0
VNM-ADM2-036,Hanoi,2023-11-01,23,1,0,0,2.4613,14810.0
VNM-ADM2-036,Hanoi,2023-12-01,24,1,0,0,2.4476,11805.0
VNM-ADM2-036,Hanoi,2024-01-01,25,1,1,1,2.5145,11366.0
VNM-ADM2-036,Hanoi,2024-02-01,26,1,1,1,2.4354,7065.0
VNM-ADM2-036,Hanoi,2024-03-01,27,1,1,1,2.5296,10735.0
VNM-ADM2-036,Hanoi,2024-04-01,28,1,1,1,2.4802,6320.0
VNM-ADM2-036,Hanoi,2024-05-01,29,1,1,1,2.4836,11004.0
VNM-ADM2-036,Hanoi,2024-06-01,30,1,1,1,2.5617,12274.0
VNM-ADM2-036,Hanoi,2024-07-01,31,1,1,1,2.5072,11580.0
VNM-ADM2-036,Hanoi,2024-08-01,32,1,1,1,2.5148,5623.0
VNM-ADM2-036,Hanoi,2024-09-01,33,1,1,1,2.4883,10861.0
VNM-ADM2-036,Hanoi,2024-10-01,34,1,1,1,2.5531,7983.0
VNM-ADM2-036,Hanoi,2024-11-01,35,1,1,1,2.4977,10926.0
VNM-ADM2-036,Hanoi,2024-12-01,36,1,1,1,2.5242,11862.0
VNM-ADM2-037,Hanoi,2022-01-01,1,0,0,0,2.6112,9690.0
VNM-ADM2-037,Hanoi,2022-02-01,2,0,0,0,2.6473,7567.0
VNM-ADM2-037,Hanoi,2022-03-01,3,0,0,0,2.6453,10139.0
VNM-ADM2-037,Hanoi,2022-04-01,4,0,0,0,2.6304,12205.0
VNM-ADM2-037,Hanoi,2022-05-01,5,0,0,0,2.5668,14911.0
VNM-ADM2-037,Hanoi,2022-06-01,6,0,0,0,2.6367,7209.0
VNM-ADM2-037,Hanoi,2022-07-01,7,0,0,0,2.6869,11412.0
VNM-ADM2-037,Hanoi,2022-08-01,8,0,0,0,2.6329,8491.0
VNM-ADM2-037,Hanoi,2022-09-01,9,0,0,0,2.6079,11730.0
VNM-ADM2-037,Hanoi,2022-10-01,10,0,0,0,2.5617,8854.0
VNM-ADM2-037,Hanoi,2022-11-01,11,0,0,0,2.639,3446.0
VNM-ADM2-037,Hanoi,2022-12-01,12,0,0,0,2.5589,7391.0
VNM-ADM2-037,Hanoi,2023-01-01,13,0,0,0,2.632,10815.0
VNM-ADM2-037,Hanoi,2023-02-01,14,0,0,0,2.6936,11339.0
VNM-ADM2-037,Hanoi,2023-03-01,15,0,0,0,2.6782,5931.0
VNM-ADM2-037,Hanoi,2023-04-01,16,0,0,0,2.6781,7585.0
VNM-ADM2-037,Hanoi,2023-05-01,17,0,0,0,2.6866,13570.0
VNM-ADM2-037,Hanoi,2023-06-01,18,0,0,0,2.6635,6979.0
VNM-ADM2-037,Hanoi,2023-07-01,19,0,0,0,2.6334,9700.0
VNM-ADM2-037,Hanoi,2023-08-01,20,0,0,0,2.6757,10831.0
VNM-ADM2-037,Hanoi,2023-09-01,21,0,0,0,2.6786,9470.0
VNM-ADM2-037,Hanoi,2023-10-01,22,0,0,0,2.6238,5365.0
VNM-ADM2-037,Hanoi,2023-11-01,23,0,0,0,2.666,12994.0
VNM-ADM2-037,Hanoi,2023-12-01,24,0,0,0,2.7177,13067.0
VNM-ADM2-037,Hanoi,2024-01-01,25,0,1,0,2.6679,8078.0
VNM-ADM2-037,Hanoi,2024-02-01,26,0,1,0,2.6718,5415.0
VNM-ADM2-037,Hanoi,2024-03-01,27,0,1,0,2.7441,11059.0
VNM-ADM2-037,Hanoi,2024-04-01,28,0,1,0,2.7314,7943.0
VNM-ADM2-037,Hanoi,2024-05-01,29,0,1,0,2.7397,10946.0
VNM-ADM2-037,Hanoi,2024-06-01,30,0,1,0,2.6857,15163.0
VNM-ADM2-037,Hanoi,2024-07-01,31,0,1,0,2.6474,11162.0
VNM-ADM2-037,Hanoi,2024-08-01,32,0,1,0,2.6959,13240.0
VNM-ADM2-037,Hanoi,2024-09-01,33,0,1,0,2.6921,8771.0
VNM-ADM2-037,Hanoi,2024-10-01,34,0,1,0,2.743,10202.0
VNM-ADM2-037,Hanoi,2024-11-01,35,0,1,0,2.6855,8629.0
VNM-ADM2-037,Hanoi,2024-12-01,36,0,1,0,2.7482,11142.0
VNM-ADM2-038,Hanoi,2022-01-01,1,0,0,0,2.9322,6582.0
VNM-ADM2-038,Hanoi,2022-02-01,2,0,0,0,2.9723,8044.0
VNM-ADM2-038,Hanoi,2022-03-01,3,0,0,0,2.8977,12052.0
VNM-ADM2-038,Hanoi,2022-04-01,4,0,0,0,2.9304,11786.0
VNM-ADM2-038,Hanoi,2022-05-01,5,0,0,0,2.9648,7444.0
VNM-ADM2-038,Hanoi,2022-06-01,6,0,0,0,2.9325,11224.0
VNM-ADM2-038,Hanoi,2022-07-01,7,0,0,0,2.999,10254.0
VNM-ADM2-038,Hanoi,2022-08-01,8,0,0,0,2.8962,10503.0
VNM-ADM2-038,Hanoi,2022-09-01,9,0,0,0,2.9992,9464.0
VNM-ADM2-038,Hanoi,2022-10-01,10,0,0,0,2.9261,9691.0
VNM-ADM2-038,Hanoi,2022-11-01,11,0,0,0,2.9898,12400.0
VNM-ADM2-038,Hanoi,2022-12-01,12,0,0,0,2.9971,9847.0
VNM-ADM2-038,Hanoi,2023-01-01,13,0,0,0,2.9859,10583.0
VNM-ADM2-038,Hanoi,2023-02-01,14,0,0,0,2.9619,5264.0
VNM-ADM2-038,Hanoi,2023-03-01,15,0,0,0,2.9908,6437.0
VNM-ADM2-038,Hanoi,2023-04-01,16,0,0,0,2.9619,9573.0
VNM-ADM2-038,Hanoi,2023-05-01,17,0,0,0,3.0299,9971.0
VNM-ADM2-038,Hanoi,2023-06-01,18,0,0,0,2.9726,7673.0
VNM-ADM2-038,Hanoi,2023-07-01,19,0,0,0,2.9762,11531.0
VNM-ADM2-038,Hanoi,2023-08-01,20,0,0,0,2.9956,9509.0
VNM-ADM2-038,Hanoi,2023-09-01,21,0,0,0,2.9642,13890.0
VNM-ADM2-038,Hanoi,2023-10-01,22,0,0,0,2.9995,7792.0
VNM-ADM2-038,Hanoi,2023-11-01,23,0,0,0,2.937,12040.0
VNM-ADM2-038,Hanoi,2023-12-01,24,0,0,0,2.9794,9869.0
VNM-ADM2-038,Hanoi,2024-01-01,25,0,1,0,2.9984,4229.0
VNM-ADM2-038,Hanoi,2024-02-01,26,0,1,0,2.9958,15902.0
VNM-ADM2-038,Hanoi,2024-03-01,27,0,1,0,3.0512,11980.0
VNM-ADM2-038,Hanoi,2024-04-01,28,0,1,0,3.0722,11975.0
VNM-ADM2-038,Hanoi,2024-05-01,29,0,1,0,3.068,10248.0
VNM-ADM2-038,Hanoi,2024-06-01,30,0,1,0,3.0018,7824.0
VNM-ADM2-038,Hanoi,2024-07-01,31,0,1,0,3.0103,11315.0
VNM-ADM2-038,Hanoi,2024-08-01,32,0,1,0,3.0335,10252.0
VNM-ADM2-038,Hanoi,2024-09-01,33,0,1,0,3.0008,10910.0
VNM-ADM2-038,Hanoi,2024-10-01,34,0,1,0,2.9952,10356.0
VNM-ADM2-038,Hanoi,2024-11-01,35,0,1,0,2.9831,8955.0
VNM-ADM2-038,Hanoi,2024-12-01,36,0,1,0,2.9883,8533.0
VNM-ADM2-039,Hanoi,2022-01-01,1,0,0,0,2.4089,10892.0
VNM-ADM2-039,Hanoi,2022-02-01,2,0,0,0,2.4211,7308.0
VNM-ADM2-039,Hanoi,2022-03-01,3,0,0,0,2.411,5351.0
VNM-ADM2-039,Hanoi,2022-04-01,4,0,0,0,2.4326,13130.0
VNM-ADM2-039,Hanoi,2022-05-01,5,0,0,0,2.4629,7602.0
VNM-ADM2-039,Hanoi,2022-06-01,6,0,0,0,2.4344,10693.0
VNM-ADM2-039,Hanoi,2022-07-01,7,0,0,0,2.4005,11856.0
VNM-ADM2-039,Hanoi,2022-08-01,8,0,0,0,2.4577,9488.0
VNM-ADM2-039,Hanoi,2022-09-01,9,0,0,0,2.4387,9870.0
VNM-ADM2-039,Hanoi,2022-10-01,10,0,0,0,2.3573,9301.0
VNM-ADM2-039,Hanoi,2022-11-01,11,0,0,0,2.4234,12151.0
VNM-ADM2-039,Hanoi,2022-12-01,12,0,0,0,2.4722,6773.0
VNM-ADM2-039,Hanoi,2023-01-01,13,0,0,0,2.4288,8768.0
VNM-ADM2-039,Hanoi,2023-02-01,14,0,0,0,2.4622,7454.0
VNM-ADM2-039,Hanoi,2023-03-01,15,0,0,0,2.4642,6689.0
VNM-ADM2-039,Hanoi,2023-04-01,16,0,0,0,2.4937,10893.0
VNM-ADM2-039,Hanoi,2023-05-01,17,0,0,0,2.4754,12272.0
VNM-ADM2-039,Hanoi,2023-06-01,18,0,0,0,2.5338,14572.0
VNM-ADM2-039,Hanoi,2023-07-01,19,0,0,0,2.5232,12034.0
VNM-ADM2-039,Hanoi,2023-08-01,20,0,0,0,2.4128,9859.0
VNM-ADM2-039,Hanoi,2023-09-01,21,0,0,0,2.4492,9974.0
VNM-ADM2-039,Hanoi,2023-10-01,22,0,0,0,2.4661,10374.0
VNM-ADM2-039,Hanoi,2023-11-01,23,0,0,0,2.5232,12082.0
VNM-ADM2-039,Hanoi,2023-12-01,24,0,0,0,2.4555,8775.0
VNM-ADM2-039,Hanoi,2024-01-01,25,0,1,0,2.5275,9608.0
VNM-ADM2-039,Hanoi,2024-02-01,26,0,1,0,2.503,9193.0
VNM-ADM2-039,Hanoi,2024-03-01,27,0,1,0,2.5648,14181.0
VNM-ADM2-039,Hanoi,2024-04-01,28,0,1,0,2.5227,9628.0
VNM-ADM2-039,Hanoi,2024-05-01,29,0,1,0,2.5218,11129.0
VNM-ADM2-039,Hanoi,2024-06-01,30,0,1,0,2.5313,10146.0
VNM-ADM2-039,Hanoi,2024-07-01,31,0,1,0,2.5834,9915.0
VNM-ADM2-039,Hanoi,2024-08-01,32,0,1,0,2.5121,11714.0
VNM-ADM2-039,Hanoi,2024-09-01,33,0,1,0,2.586,9435.0
VNM-ADM2-039,Hanoi,2024-10-01,34,0,1,0,2.5742,10757.0
VNM-ADM2-039,Hanoi,2024-11-01,35,0,1,0,2.5282,7635.0
VNM-ADM2-039,Hanoi,2024-12-01,36,0,1,0,2.4981,11119.0
VNM-ADM2-040,Hanoi,2022-01-01,1,0,0,0,2.6665,10463.0
VNM-ADM2-040,Hanoi,2022-02-01,2,0,0,0,2.5652,8270.0
VNM-ADM2-040,Hanoi,2022-03-01,3,0,0,0,2.6359,10628.0
VNM-ADM2-040,Hanoi,2022-04-01,4,0,0,0,2.6371,15047.0
VNM-ADM2-040,Hanoi,2022-05-01,5,0,0,0,2.6593,8530.0
VNM-ADM2-040,Hanoi,2022-06-01,6,0,0,0,2.6331,12831.0
VNM-ADM2-040,Hanoi,2022-07-01,7,0,0,0,2.6579,9242.0
VNM-ADM2-040,Hanoi,2022-08-01,8,0,0,0,2.5941,9216.0
VNM-ADM2-040,Hanoi,2022-09-01,9,0,0,0,2.5952,13667.0
VNM-ADM2-040,Hanoi,2022-10-01,10,0,0,0,2.6164,12131.0
VNM-ADM2-040,Hanoi,2022-11-01,11,0,0,0,2.597,11501.0
VNM-ADM2-040,Hanoi,2022-12-01,12,0,0,0,2.6609,7027.0
VNM-ADM2-040,Hanoi,2023-01-01,13,0,0,0,2.6835,14374.0
VNM-ADM2-040,Hanoi,2023-02-01,14,0,0,0,2.6779,9927.0
VNM-ADM2-040,Hanoi,2023-03-01,15,0,0,0,2.6595,7277.0
VNM-ADM2-040,Hanoi,2023-04-01,16,0,0,0,2.7173,11085.0
VNM-ADM2-040,Hanoi,2023-05-01,17,0,0,0,2.7569,8627.0
VNM-ADM2-040,Hanoi,2023-06-01,18,0,0,0,2.7043,14764.0
VNM-ADM2-040,Hanoi,2023-07-01,19,0,0,0,2.6876,11277.0
VNM-ADM2-040,Hanoi,2023-08-01,20,0,0,0,2.6592,9340.0
VNM-ADM2-040,Hanoi,2023-09-01,21,0,0,0,2.6898,8166.0
VNM-ADM2-040,Hanoi,2023-10-01,22,0,0,0,2.7098,10429.0
VNM-ADM2-040,Hanoi,2023-11-01,23,0,0,0,2.6454,12085.0
VNM-ADM2-040,Hanoi,2023-12-01,24,0,0,0,2.7066,9962.0
VNM-ADM2-040,Hanoi,2024-01-01,25,0,1,0,2.6835,8806.0
VNM-ADM2-040,Hanoi,2024-02-01,26,0,1,0,2.6654,7898.0
VNM-ADM2-040,Hanoi,2024-03-01,27,0,1,0,2.7002,12135.0
VNM-ADM2-040,Hanoi,2024-04-01,28,0,1,0,2.7149,11075.0
VNM-ADM2-040,Hanoi,2024-05-01,29,0,1,0,2.7694,7223.0
VNM-ADM2-040,Hanoi,2024-06-01,30,0,1,0,2.7294,12165.0
VNM-ADM2-040,Hanoi,2024-07-01,31,0,1,0,2.7602,10642.0
VNM-ADM2-040,Hanoi,2024-08-01,32,0,1,0,2.7251,11549.0
VNM-ADM2-040,Hanoi,2024-09-01,33,0,1,0,2.7156,7061.0
VNM-ADM2-040,Hanoi,2024-10-01,34,0,1,0,2.6776,9641.0
VNM-ADM2-040,Hanoi,2024-11-01,35,0,1,0,2.7071,9402.0
VNM-ADM2-040,Hanoi,2024-12-01,36,0,1,0,2.723,11471.0
