biz_id,city,pre_sales_index,floor_area_m2,dist_road_m,frontage_m,years_open,program,post_sales_index
KHM-B0001,Phnom Penh,82.6,28.7,356.0,5.5,26,0,77.6
KHM-B0002,Phnom Penh,113.3,55.9,657.0,2.6,8,1,126.6
KHM-B0003,Phnom Penh,86.0,36.7,585.0,10.1,13,1,96.6
KHM-B0004,Phnom Penh,74.7,25.3,270.0,5.8,2,0,91.9
KHM-B0005,Phnom Penh,109.5,33.0,933.0,2.1,6,0,111.9
KHM-B0006,Phnom Penh,90.8,17.7,978.0,6.5,1,0,104.3
KHM-B0007,Phnom Penh,79.0,17.3,407.0,4.3,13,1,78.4
KHM-B0008,Phnom Penh,55.5,92.7,1290.0,7.5,28,0,60.0
KHM-B0009,Phnom Penh,91.1,61.8,459.0,8.1,10,0,94.4
KHM-B0010,Phnom Penh,110.8,45.8,736.0,6.6,20,0,118.0
KHM-B0011,Phnom Penh,81.5,19.0,176.0,3.2,21,0,82.9
KHM-B0012,Phnom Penh,98.7,38.3,300.0,6.2,17,0,101.6
KHM-B0013,Phnom Penh,113.6,40.9,327.0,5.9,25,1,116.5
KHM-B0014,Phnom Penh,102.4,14.5,258.0,4.1,9,0,106.4
KHM-B0015,Phnom Penh,62.7,24.9,432.0,5.6,3,0,72.5
KHM-B0016,Phnom Penh,84.8,19.2,502.0,4.8,13,0,97.3
KHM-B0017,Phnom Penh,98.2,25.6,624.0,5.6,20,0,95.7
KHM-B0018,Phnom Penh,132.1,27.9,175.0,9.8,8,1,130.0
KHM-B0019,Phnom Penh,119.0,66.7,402.0,8.0,7,1,134.0
KHM-B0020,Phnom Penh,91.0,21.7,302.0,4.9,28,0,98.3
KHM-B0021,Phnom Penh,98.3,35.6,43.0,6.5,23,0,103.8
KHM-B0022,Phnom Penh,113.0,10.0,306.0,9.7,5,1,115.3
KHM-B0023,Phnom Penh,76.4,35.2,117.0,3.4,7,1,83.8
KHM-B0024,Phnom Penh,104.8,19.1,1329.0,5.5,9,0,95.4
KHM-B0025,Phnom Penh,133.7,30.5,453.0,5.8,16,1,135.1
KHM-B0026,Phnom Penh,87.9,60.9,213.0,5.1,1,0,91.4
KHM-B0027,Phnom Penh,93.4,40.0,327.0,3.5,9,0,105.8
KHM-B0028,Phnom Penh,84.9,42.1,779.0,7.1,20,0,93.9
KHM-B0029,Phnom Penh,133.3,10.0,729.0,7.0,24,1,134.4
KHM-B0030,Phnom Penh,92.2,31.3,493.0,8.3,19,1,110.8
KHM-B0031,Phnom Penh,93.0,48.6,259.0,4.7,10,0,97.8
KHM-B0032,Phnom Penh,46.5,47.1,289.0,5.4,19,0,58.1
KHM-B0033,Phnom Penh,110.3,35.2,500.0,7.8,14,1,113.5
KHM-B0034,Phnom Penh,119.7,51.3,1132.0,3.6,28,0,114.6
KHM-B0035,Phnom Penh,85.9,59.4,347.0,2.1,10,0,90.2
KHM-B0036,Phnom Penh,122.0,22.4,1184.0,9.8,26,0,127.0
KHM-B0037,Phnom Penh,96.0,37.7,807.0,6.4,25,0,98.9
KHM-B0038,Phnom Penh,115.6,31.1,572.0,6.1,1,0,118.3
KHM-B0039,Phnom Penh,61.4,31.9,198.0,2.1,6,0,66.2
KHM-B0040,Phnom Penh,102.0,30.2,575.0,7.9,19,1,109.3
KHM-B0041,Phnom Penh,75.8,26.9,166.0,2.9,15,0,81.0
KHM-B0042,Phnom Penh,89.7,39.9,1222.0,6.2,16,0,98.9
KHM-B0043,Phnom Penh,129.0,23.8,1231.0,3.9,7,0,129.3
KHM-B0044,Phnom Penh,101.9,38.2,496.0,7.4,9,0,98.6
KHM-B0045,Phnom Penh,88.7,35.6,692.0,2.0,11,0,80.8
KHM-B0046,Phnom Penh,98.5,21.0,722.0,5.1,8,0,88.2
KHM-B0047,Phnom Penh,94.8,20.0,104.0,8.4,20,0,102.7
KHM-B0048,Phnom Penh,119.0,45.4,110.0,8.5,6,1,123.3
KHM-B0049,Phnom Penh,128.9,47.2,1454.0,2.5,3,0,135.7
KHM-B0050,Phnom Penh,91.3,25.4,119.0,5.4,17,1,90.8
KHM-B0051,Phnom Penh,85.0,16.5,1275.0,6.5,6,0,84.0
KHM-B0052,Phnom Penh,134.5,70.8,266.0,6.4,16,0,137.9
KHM-B0053,Phnom Penh,106.4,26.3,143.0,4.8,1,1,115.5
KHM-B0054,Phnom Penh,104.4,32.4,349.0,7.4,15,0,109.1
KHM-B0055,Phnom Penh,86.1,25.2,325.0,4.8,9,0,91.5
KHM-B0056,Phnom Penh,93.9,24.6,482.0,5.2,17,0,97.1
KHM-B0057,Phnom Penh,88.1,80.3,352.0,6.8,13,0,94.4
KHM-B0058,Phnom Penh,87.7,20.2,231.0,8.1,28,0,87.2
KHM-B0059,Phnom Penh,79.5,42.9,333.0,3.2,13,0,85.8
KHM-B0060,Phnom Penh,86.7,18.9,844.0,3.4,30,0,86.4
KHM-B0061,Phnom Penh,124.7,29.1,537.0,12.1,8,1,136.8
KHM-B0062,Phnom Penh,111.3,11.5,615.0,5.5,21,0,120.8
KHM-B0063,Phnom Penh,95.1,44.0,1078.0,4.3,22,1,108.0
KHM-B0064,Phnom Penh,75.5,22.3,561.0,5.8,26,0,81.6
KHM-B0065,Phnom Penh,75.4,16.7,1300.0,7.4,13,0,82.1
KHM-B0066,Phnom Penh,88.9,25.7,198.0,7.5,7,0,93.6
KHM-B0067,Phnom Penh,47.3,26.5,443.0,6.1,8,0,67.8
KHM-B0068,Phnom Penh,115.8,36.5,725.0,7.7,11,1,133.2
KHM-B0069,Phnom Penh,90.6,10.0,420.0,5.1,23,1,103.0
KHM-B0070,Phnom Penh,82.7,14.7,1493.0,7.8,22,0,81.3
KHM-B0071,Phnom Penh,130.5,33.6,655.0,7.3,11,0,127.2
KHM-B0072,Phnom Penh,75.4,51.3,331.0,7.3,2,0,88.7
KHM-B0073,Phnom Penh,105.8,13.8,488.0,4.6,21,0,111.4
KHM-B0074,Phnom Penh,121.1,41.4,69.0,6.3,2,0,129.2
KHM-B0075,Phnom Penh,84.7,41.1,378.0,7.3,3,1,99.2
KHM-B0076,Phnom Penh,112.4,75.7,265.0,3.6,17,1,128.4
KHM-B0077,Phnom Penh,63.2,30.2,196.0,9.4,9,0,78.8
KHM-B0078,Phnom Penh,156.7,37.6,372.0,7.8,17,0,143.1
KHM-B0079,Phnom Penh,84.3,30.3,397.0,2.0,26,0,88.7
KHM-B0080,Phnom Penh,89.0,46.7,276.0,8.9,1,0,106.9
KHM-B0081,Phnom Penh,80.0,47.2,231.0,9.3,8,0,87.5
KHM-B0082,Phnom Penh,126.7,24.4,302.0,3.1,30,0,136.7
KHM-B0083,Phnom Penh,92.4,25.5,1083.0,4.1,8,0,94.6
KHM-B0084,Phnom Penh,91.0,34.9,20.0,7.2,14,0,98.9
KHM-B0085,Phnom Penh,133.1,20.2,234.0,7.0,14,1,143.1
KHM-B0086,Phnom Penh,116.6,41.2,188.0,6.2,6,0,119.1
KHM-B0087,Phnom Penh,89.4,14.4,676.0,4.4,21,0,84.9
KHM-B0088,Phnom Penh,63.8,17.3,405.0,7.1,13,0,72.5
KHM-B0089,Phnom Penh,74.3,32.0,910.0,8.0,30,0,87.0
KHM-B0090,Phnom Penh,140.2,43.4,224.0,8.2,10,1,145.0
KHM-B0091,Phnom Penh,87.7,22.4,395.0,6.5,12,1,96.5
KHM-B0092,Phnom Penh,80.2,16.7,116.0,7.2,5,0,89.4
KHM-B0093,Phnom Penh,105.4,47.7,650.0,5.8,25,0,107.3
KHM-B0094,Phnom Penh,65.5,25.7,86.0,9.4,26,0,76.9
KHM-B0095,Phnom Penh,138.9,15.7,490.0,6.2,26,1,142.2
KHM-B0096,Phnom Penh,75.5,20.8,401.0,8.2,8,0,88.9
KHM-B0097,Phnom Penh,109.2,52.6,385.0,3.5,3,0,109.9
KHM-B0098,Phnom Penh,95.2,60.8,274.0,8.1,19,0,107.9
KHM-B0099,Phnom Penh,92.4,31.6,828.0,4.8,18,0,100.4
KHM-B0100,Phnom Penh,117.4,13.0,67.0,5.9,21,1,124.5
KHM-B0101,Phnom Penh,80.2,59.8,357.0,3.7,12,0,82.9
KHM-B0102,Phnom Penh,96.1,46.8,318.0,4.5,28,0,96.8
KHM-B0103,Phnom Penh,113.5,25.1,257.0,6.5,5,1,122.9
KHM-B0104,Phnom Penh,112.5,23.0,1165.0,6.2,8,0,117.0
KHM-B0105,Phnom Penh,102.0,22.2,150.0,2.0,21,1,110.0
KHM-B0106,Phnom Penh,79.8,23.4,667.0,5.6,23,0,87.1
KHM-B0107,Phnom Penh,117.5,35.1,330.0,9.2,27,1,120.1
KHM-B0108,Phnom Penh,108.5,39.6,259.0,8.4,17,1,126.8
KHM-B0109,Phnom Penh,122.7,10.7,481.0,7.9,2,0,128.2
KHM-B0110,Phnom Penh,121.0,26.2,623.0,7.6,6,1,118.9
KHM-B0111,Phnom Penh,78.3,24.0,820.0,5.3,30,0,83.3
KHM-B0112,Phnom Penh,136.4,79.1,92.0,5.1,4,1,144.7
KHM-B0113,Phnom Penh,115.0,15.5,434.0,5.3,19,0,125.4
KHM-B0114,Phnom Penh,104.4,36.4,252.0,6.4,10,1,105.5
KHM-B0115,Phnom Penh,104.7,32.0,411.0,5.5,18,0,101.6
KHM-B0116,Phnom Penh,88.6,26.2,488.0,2.4,21,0,95.3
KHM-B0117,Phnom Penh,107.1,27.1,1471.0,8.8,21,1,127.1
KHM-B0118,Phnom Penh,96.9,33.9,339.0,3.5,5,1,107.6
KHM-B0119,Phnom Penh,97.3,38.9,884.0,4.0,3,0,109.8
KHM-B0120,Phnom Penh,115.9,49.5,128.0,5.3,25,0,119.0
KHM-B0121,Phnom Penh,118.0,60.4,763.0,8.3,28,1,118.3
KHM-B0122,Phnom Penh,96.8,24.9,421.0,8.2,5,0,108.5
KHM-B0123,Phnom Penh,152.3,24.6,254.0,7.3,24,0,147.3
KHM-B0124,Phnom Penh,76.2,47.7,414.0,6.7,26,0,87.3
KHM-B0125,Phnom Penh,65.8,47.5,608.0,4.4,22,0,73.0
KHM-B0126,Phnom Penh,117.8,44.7,299.0,5.1,6,0,121.3
KHM-B0127,Phnom Penh,98.2,22.5,1497.0,6.2,26,0,103.3
KHM-B0128,Phnom Penh,125.6,24.9,165.0,7.5,16,1,127.0
KHM-B0129,Phnom Penh,99.9,48.1,186.0,8.0,1,1,114.2
KHM-B0130,Phnom Penh,94.3,17.1,280.0,11.9,3,1,103.9
KHM-B0131,Phnom Penh,136.0,63.9,217.0,5.4,13,0,124.1
KHM-B0132,Phnom Penh,99.0,30.5,605.0,3.2,20,0,102.8
KHM-B0133,Phnom Penh,74.8,45.0,425.0,5.3,6,0,76.6
KHM-B0134,Phnom Penh,116.3,91.6,181.0,7.6,13,1,125.2
KHM-B0135,Phnom Penh,74.9,25.6,950.0,5.1,9,0,77.3
KHM-B0136,Phnom Penh,155.5,35.8,445.0,7.8,25,1,151.4
KHM-B0137,Phnom Penh,81.6,38.4,154.0,5.4,19,0,89.9
KHM-B0138,Phnom Penh,83.3,15.0,179.0,9.0,17,1,103.8
KHM-B0139,Phnom Penh,105.4,108.3,412.0,7.0,25,1,116.2
KHM-B0140,Phnom Penh,98.3,44.1,408.0,7.2,10,0,102.5
KHM-B0141,Phnom Penh,101.6,43.1,314.0,3.0,28,0,111.7
KHM-B0142,Phnom Penh,108.3,12.0,333.0,5.2,30,0,105.8
KHM-B0143,Phnom Penh,90.8,16.2,805.0,5.8,9,1,97.3
KHM-B0144,Phnom Penh,78.6,43.0,1711.0,6.5,29,0,90.4
KHM-B0145,Phnom Penh,134.5,16.6,382.0,5.6,10,0,133.5
KHM-B0146,Phnom Penh,108.6,40.1,67.0,7.0,21,1,126.0
KHM-B0147,Phnom Penh,69.0,19.2,244.0,4.1,25,1,85.1
KHM-B0148,Phnom Penh,95.7,30.5,425.0,5.2,17,0,99.8
KHM-B0149,Phnom Penh,72.9,34.2,216.0,3.9,21,0,73.7
KHM-B0150,Phnom Penh,97.8,22.7,1223.0,8.1,2,0,102.6
KHM-B0151,Phnom Penh,59.9,22.6,543.0,5.5,24,1,69.3
KHM-B0152,Phnom Penh,100.7,30.2,315.0,2.7,25,0,90.3
KHM-B0153,Phnom Penh,91.0,25.3,1156.0,7.1,8,0,89.5
KHM-B0154,Phnom Penh,79.8,25.8,297.0,2.2,22,0,88.0
KHM-B0155,Phnom Penh,129.7,30.0,200.0,2.8,9,0,119.9
KHM-B0156,Phnom Penh,116.7,32.9,259.0,3.1,1,0,122.1
KHM-B0157,Phnom Penh,93.9,19.2,222.0,4.3,2,0,105.6
KHM-B0158,Phnom Penh,91.4,71.0,187.0,6.8,17,1,104.7
KHM-B0159,Phnom Penh,93.6,28.9,287.0,5.4,19,1,98.3
KHM-B0160,Phnom Penh,115.6,17.9,121.0,8.3,21,0,118.6
KHM-B0161,Phnom Penh,90.0,25.3,773.0,8.9,18,0,94.2
KHM-B0162,Phnom Penh,103.6,46.1,790.0,8.9,8,0,111.6
KHM-B0163,Phnom Penh,111.6,43.2,580.0,6.4,24,0,117.4
KHM-B0164,Phnom Penh,126.8,22.5,193.0,9.9,26,0,136.2
KHM-B0165,Phnom Penh,94.0,22.7,1006.0,4.2,11,0,99.6
KHM-B0166,Phnom Penh,132.4,41.4,241.0,6.9,7,1,125.1
KHM-B0167,Phnom Penh,91.9,65.5,392.0,8.3,11,1,105.0
KHM-B0168,Phnom Penh,92.0,10.0,976.0,12.5,14,0,92.8
KHM-B0169,Phnom Penh,100.2,10.8,328.0,7.8,15,0,97.5
KHM-B0170,Phnom Penh,90.0,32.4,430.0,2.9,17,0,86.7
KHM-B0171,Phnom Penh,119.7,42.4,571.0,4.6,11,0,119.1
KHM-B0172,Phnom Penh,104.1,77.0,154.0,8.2,25,1,117.1
KHM-B0173,Phnom Penh,123.4,25.7,358.0,6.5,17,0,111.9
KHM-B0174,Phnom Penh,119.6,39.0,355.0,2.8,11,0,107.9
KHM-B0175,Phnom Penh,83.5,12.1,598.0,6.8,23,0,90.2
KHM-B0176,Phnom Penh,77.2,13.2,248.0,7.4,28,1,84.8
KHM-B0177,Phnom Penh,109.4,10.8,54.0,6.7,10,0,120.9
KHM-B0178,Phnom Penh,80.9,13.5,514.0,7.3,21,0,90.1
KHM-B0179,Phnom Penh,64.3,30.4,308.0,7.5,4,1,75.2
KHM-B0180,Phnom Penh,120.4,22.2,765.0,6.9,11,0,112.8
KHM-B0181,Phnom Penh,93.7,69.0,379.0,10.0,23,1,114.7
KHM-B0182,Phnom Penh,104.1,39.2,1800.0,5.7,10,0,104.6
KHM-B0183,Phnom Penh,101.4,57.3,171.0,3.1,28,0,97.2
KHM-B0184,Phnom Penh,101.7,31.8,201.0,6.5,27,0,100.3
KHM-B0185,Phnom Penh,103.3,13.3,626.0,7.7,13,1,113.1
KHM-B0186,Phnom Penh,108.4,31.8,433.0,6.9,15,0,103.2
KHM-B0187,Phnom Penh,107.6,41.7,813.0,6.5,22,0,105.2
KHM-B0188,Phnom Penh,159.0,24.6,340.0,7.5,3,1,150.9
KHM-B0189,Phnom Penh,88.1,54.7,619.0,6.2,5,0,91.5
KHM-B0190,Phnom Penh,103.7,26.7,467.0,6.2,7,1,112.7
KHM-B0191,Phnom Penh,75.6,35.6,831.0,2.0,18,0,89.4
KHM-B0192,Phnom Penh,94.8,32.2,1393.0,7.2,1,1,95.6
KHM-B0193,Phnom Penh,95.5,20.9,104.0,7.0,25,1,113.7
KHM-B0194,Phnom Penh,91.1,21.5,929.0,6.2,18,1,98.3
KHM-B0195,Phnom Penh,116.7,25.8,272.0,11.5,2,0,120.7
KHM-B0196,Phnom Penh,89.2,28.4,275.0,3.2,3,0,94.1
KHM-B0197,Phnom Penh,108.5,10.0,205.0,3.2,9,0,109.7
KHM-B0198,Phnom Penh,114.1,62.3,550.0,9.1,16,1,120.2
KHM-B0199,Phnom Penh,120.2,22.7,139.0,3.1,26,1,127.4
KHM-B0200,Phnom Penh,80.6,22.2,320.0,3.2,6,1,92.9
KHM-B0201,Phnom Penh,66.9,49.9,593.0,6.7,19,0,76.3
KHM-B0202,Phnom Penh,139.6,20.1,631.0,4.8,30,0,136.0
KHM-B0203,Phnom Penh,97.2,72.1,367.0,4.4,21,0,99.9
KHM-B0204,Phnom Penh,66.1,40.1,371.0,7.3,21,0,82.4
KHM-B0205,Phnom Penh,42.2,32.7,207.0,7.9,13,0,56.2
KHM-B0206,Phnom Penh,125.4,31.1,270.0,4.8,12,1,121.3
KHM-B0207,Phnom Penh,119.4,31.7,383.0,5.4,14,1,122.9
KHM-B0208,Phnom Penh,127.0,32.6,882.0,9.6,19,0,130.6
KHM-B0209,Phnom Penh,94.6,35.3,878.0,6.9,18,0,100.6
KHM-B0210,Phnom Penh,103.6,23.4,498.0,5.0,17,0,104.0
KHM-B0211,Phnom Penh,97.6,32.8,536.0,7.2,22,0,98.8
KHM-B0212,Phnom Penh,91.5,22.9,232.0,10.5,20,1,101.8
KHM-B0213,Phnom Penh,132.8,42.1,139.0,6.3,19,0,137.5
KHM-B0214,Phnom Penh,103.6,19.5,317.0,6.3,6,0,105.7
KHM-B0215,Phnom Penh,79.1,34.4,361.0,4.3,1,0,82.4
KHM-B0216,Phnom Penh,129.0,20.7,437.0,4.1,11,0,122.8
KHM-B0217,Phnom Penh,72.6,25.5,513.0,9.2,8,0,81.2
KHM-B0218,Phnom Penh,121.5,29.2,291.0,7.1,8,0,122.5
KHM-B0219,Phnom Penh,85.9,44.1,847.0,5.1,14,0,88.3
KHM-B0220,Phnom Penh,74.7,21.9,374.0,7.1,16,0,85.4
KHM-B0221,Phnom Penh,94.8,20.9,80.0,6.4,1,1,105.0
KHM-B0222,Phnom Penh,100.1,31.9,195.0,6.5,26,0,97.3
KHM-B0223,Phnom Penh,84.2,40.3,225.0,4.8,12,0,92.3
KHM-B0224,Phnom Penh,161.8,49.9,562.0,10.2,18,0,147.3
KHM-B0225,Phnom Penh,153.2,21.5,406.0,7.8,20,0,147.3
KHM-B0226,Phnom Penh,95.7,27.6,185.0,4.3,14,0,107.1
KHM-B0227,Phnom Penh,111.1,40.1,1373.0,6.0,21,0,108.8
KHM-B0228,Phnom Penh,112.1,11.8,319.0,3.1,12,0,101.6
KHM-B0229,Phnom Penh,105.3,50.5,135.0,9.4,21,1,114.6
KHM-B0230,Phnom Penh,115.3,26.2,788.0,3.4,28,0,107.7
KHM-B0231,Phnom Penh,82.1,28.0,248.0,2.0,13,0,88.8
KHM-B0232,Phnom Penh,106.2,19.3,602.0,9.5,22,0,103.6
KHM-B0233,Phnom Penh,139.2,127.6,97.0,5.2,20,1,145.6
KHM-B0234,Phnom Penh,94.1,30.5,160.0,2.0,9,0,101.0
KHM-B0235,Phnom Penh,66.4,36.9,101.0,10.2,7,0,73.7
KHM-B0236,Phnom Penh,81.6,24.0,696.0,7.1,25,0,88.2
KHM-B0237,Phnom Penh,94.0,45.9,374.0,4.0,1,0,94.7
KHM-B0238,Phnom Penh,76.6,26.6,205.0,8.0,6,1,91.2
KHM-B0239,Phnom Penh,85.9,19.6,843.0,6.4,14,0,81.3
KHM-B0240,Phnom Penh,116.6,26.5,228.0,8.2,21,1,128.3
KHM-B0241,Phnom Penh,75.4,87.2,371.0,5.2,27,0,79.2
KHM-B0242,Phnom Penh,93.7,26.1,507.0,5.8,29,0,97.1
KHM-B0243,Phnom Penh,110.8,24.6,451.0,6.9,18,1,108.9
KHM-B0244,Phnom Penh,107.4,23.7,757.0,7.1,2,1,117.8
KHM-B0245,Phnom Penh,101.7,30.5,396.0,4.2,4,0,104.4
KHM-B0246,Phnom Penh,110.6,27.0,943.0,6.1,23,0,117.8
KHM-B0247,Phnom Penh,117.6,30.1,514.0,6.7,19,0,118.4
KHM-B0248,Phnom Penh,108.2,65.1,156.0,7.1,20,0,109.7
KHM-B0249,Phnom Penh,74.0,34.4,400.0,2.0,2,0,78.3
KHM-B0250,Phnom Penh,85.7,33.1,343.0,3.8,25,0,92.9
KHM-B0251,Phnom Penh,94.4,30.3,53.0,4.5,3,0,95.0
KHM-B0252,Phnom Penh,128.1,24.8,1030.0,6.0,17,0,120.7
KHM-B0253,Phnom Penh,96.1,53.1,345.0,4.9,3,1,110.3
KHM-B0254,Phnom Penh,131.4,39.9,630.0,5.6,6,0,125.8
KHM-B0255,Phnom Penh,118.7,31.8,109.0,4.1,17,1,124.3
KHM-B0256,Phnom Penh,88.8,18.1,118.0,5.2,22,0,96.7
KHM-B0257,Phnom Penh,86.0,23.4,790.0,7.7,20,0,94.4
KHM-B0258,Phnom Penh,137.2,52.5,211.0,7.8,10,1,142.5
KHM-B0259,Phnom Penh,85.7,20.6,522.0,8.3,9,0,87.2
KHM-B0260,Phnom Penh,101.1,34.2,22.0,4.0,13,0,93.6
KHM-B0261,Phnom Penh,86.8,22.9,1521.0,4.0,8,0,98.1
KHM-B0262,Phnom Penh,57.9,24.6,440.0,9.8,12,0,73.5
KHM-B0263,Phnom Penh,64.8,24.5,298.0,6.1,8,0,79.3
KHM-B0264,Phnom Penh,82.0,37.9,702.0,6.9,12,0,86.9
KHM-B0265,Phnom Penh,83.7,17.6,462.0,7.7,23,0,82.3
KHM-B0266,Phnom Penh,95.6,26.8,359.0,5.5,30,0,99.2
KHM-B0267,Phnom Penh,118.5,39.9,582.0,5.8,18,0,115.2
KHM-B0268,Phnom Penh,140.3,25.2,697.0,4.1,25,1,130.4
KHM-B0269,Phnom Penh,106.1,33.7,1187.0,8.0,4,0,109.4
KHM-B0270,Phnom Penh,110.7,16.2,248.0,4.8,25,0,106.9
KHM-B0271,Phnom Penh,103.9,66.6,154.0,10.8,20,1,119.8
KHM-B0272,Phnom Penh,101.6,11.1,440.0,8.7,15,0,104.9
KHM-B0273,Phnom Penh,118.1,80.1,414.0,7.9,23,1,132.0
KHM-B0274,Phnom Penh,81.1,16.2,1119.0,4.2,2,0,95.3
KHM-B0275,Phnom Penh,109.4,31.8,305.0,4.9,12,0,113.9
KHM-B0276,Phnom Penh,131.6,43.5,891.0,2.0,26,0,133.2
KHM-B0277,Phnom Penh,76.9,54.7,456.0,7.3,6,0,83.4
KHM-B0278,Phnom Penh,101.0,25.8,499.0,5.5,4,0,93.3
KHM-B0279,Phnom Penh,115.6,29.9,373.0,7.9,10,0,112.5
KHM-B0280,Phnom Penh,108.0,61.0,430.0,6.3,17,1,118.8
KHM-B0281,Phnom Penh,72.9,78.8,696.0,6.2,26,0,87.6
KHM-B0282,Phnom Penh,103.9,23.0,130.0,7.5,30,0,102.9
KHM-B0283,Phnom Penh,146.1,23.8,159.0,3.3,29,0,148.1
KHM-B0284,Phnom Penh,76.6,15.5,1275.0,6.2,22,0,90.6
KHM-B0285,Phnom Penh,106.5,37.2,580.0,6.2,9,0,104.2
KHM-B0286,Phnom Penh,117.1,21.4,644.0,7.8,14,0,108.4
KHM-B0287,Phnom Penh,139.1,17.0,669.0,9.6,13,0,129.1
KHM-B0288,Phnom Penh,84.3,37.8,586.0,5.2,9,0,79.9
KHM-B0289,Phnom Penh,96.4,28.7,404.0,8.6,21,0,101.2
KHM-B0290,Phnom Penh,114.4,18.2,371.0,4.7,11,0,102.9
KHM-B0291,Phnom Penh,128.2,32.0,630.0,2.0,8,0,125.3
KHM-B0292,Phnom Penh,109.8,24.8,413.0,4.2,4,0,120.7
KHM-B0293,Phnom Penh,120.7,31.6,914.0,4.8,4,0,126.8
KHM-B0294,Phnom Penh,115.1,126.1,285.0,8.3,13,1,124.0
KHM-B0295,Phnom Penh,81.2,12.6,332.0,7.4,1,1,85.9
KHM-B0296,Phnom Penh,74.5,15.6,223.0,9.8,14,0,78.4
KHM-B0297,Phnom Penh,110.0,37.3,502.0,7.8,22,0,108.8
KHM-B0298,Phnom Penh,126.2,41.9,1131.0,6.8,12,0,128.8
KHM-B0299,Phnom Penh,91.5,40.2,947.0,5.0,21,0,97.1
KHM-B0300,Phnom Penh,86.0,39.7,624.0,7.7,11,0,99.5
KHM-B0301,Phnom Penh,127.4,40.4,386.0,5.9,6,1,134.3
KHM-B0302,Phnom Penh,87.0,35.6,405.0,7.0,8,1,103.0
KHM-B0303,Phnom Penh,124.1,18.8,881.0,3.1,9,0,132.8
KHM-B0304,Phnom Penh,93.7,13.8,595.0,5.7,12,0,103.8
KHM-B0305,Phnom Penh,91.9,25.0,517.0,7.4,15,1,103.5
KHM-B0306,Phnom Penh,72.4,19.3,635.0,5.3,12,0,71.0
KHM-B0307,Phnom Penh,79.1,34.4,299.0,6.5,28,0,75.0
KHM-B0308,Phnom Penh,159.8,32.9,478.0,4.1,13,1,164.7
KHM-B0309,Phnom Penh,101.1,20.7,367.0,5.2,5,0,104.6
KHM-B0310,Phnom Penh,123.9,50.0,96.0,7.7,30,1,136.0
KHM-B0311,Phnom Penh,100.5,45.7,717.0,7.8,15,0,104.5
KHM-B0312,Phnom Penh,130.9,29.4,253.0,8.1,14,0,128.4
KHM-B0313,Phnom Penh,133.1,20.9,69.0,5.6,4,0,126.6
KHM-B0314,Phnom Penh,84.7,29.6,212.0,4.5,20,0,102.5
KHM-B0315,Phnom Penh,106.4,67.8,719.0,7.8,4,1,113.8
KHM-B0316,Phnom Penh,79.2,31.4,778.0,6.6,21,0,77.1
KHM-B0317,Phnom Penh,123.1,13.1,170.0,8.1,29,1,128.6
KHM-B0318,Phnom Penh,144.4,65.2,406.0,6.3,2,1,143.3
KHM-B0319,Phnom Penh,150.6,23.3,574.0,7.1,30,0,147.7
KHM-B0320,Phnom Penh,109.4,40.8,651.0,2.9,22,0,107.2
KHM-B0321,Phnom Penh,66.6,46.4,612.0,5.1,22,0,80.2
KHM-B0322,Phnom Penh,106.5,33.7,381.0,2.0,13,1,113.5
KHM-B0323,Phnom Penh,133.1,26.1,686.0,6.3,19,0,129.3
KHM-B0324,Phnom Penh,118.2,63.5,310.0,7.8,6,0,124.8
KHM-B0325,Phnom Penh,64.5,25.1,259.0,6.7,20,0,76.9
KHM-B0326,Phnom Penh,100.2,39.4,912.0,5.5,7,0,102.4
KHM-B0327,Phnom Penh,85.5,19.1,491.0,12.4,26,0,97.6
KHM-B0328,Phnom Penh,131.2,37.8,339.0,6.6,22,0,129.0
KHM-B0329,Phnom Penh,138.2,24.2,245.0,5.2,25,0,125.2
KHM-B0330,Phnom Penh,86.5,32.2,657.0,6.1,13,1,99.3
KHM-B0331,Phnom Penh,100.9,48.3,880.0,9.1,7,0,103.0
KHM-B0332,Phnom Penh,95.8,52.5,745.0,7.1,20,0,99.3
KHM-B0333,Phnom Penh,110.3,18.1,462.0,11.0,10,0,112.1
KHM-B0334,Phnom Penh,108.2,80.5,590.0,3.0,13,0,106.6
KHM-B0335,Phnom Penh,111.8,33.2,196.0,2.0,15,0,109.4
KHM-B0336,Phnom Penh,80.9,20.9,252.0,6.2,23,0,75.0
KHM-B0337,Phnom Penh,72.9,11.0,312.0,7.0,9,0,82.0
KHM-B0338,Phnom Penh,129.8,18.2,195.0,5.6,7,0,121.3
KHM-B0339,Phnom Penh,134.3,25.4,379.0,4.9,17,0,132.1
KHM-B0340,Phnom Penh,98.8,14.2,290.0,4.0,18,1,100.4
KHM-B0341,Phnom Penh,93.3,19.2,550.0,5.0,4,0,100.0
KHM-B0342,Phnom Penh,109.2,11.3,205.0,5.6,28,0,115.4
KHM-B0343,Phnom Penh,118.7,18.4,1062.0,5.7,20,0,114.2
KHM-B0344,Phnom Penh,81.4,32.8,390.0,7.3,25,0,82.6
KHM-B0345,Phnom Penh,74.2,39.4,84.0,5.4,17,0,92.6
KHM-B0346,Phnom Penh,84.8,33.4,532.0,7.3,15,0,85.6
KHM-B0347,Phnom Penh,166.8,34.0,292.0,4.8,29,1,161.8
KHM-B0348,Phnom Penh,92.6,12.5,313.0,3.3,8,0,96.7
KHM-B0349,Phnom Penh,76.9,59.2,430.0,4.2,14,0,88.1
KHM-B0350,Phnom Penh,98.6,23.1,339.0,7.6,6,0,96.6
KHM-B0351,Phnom Penh,111.7,58.6,558.0,7.6,9,0,111.0
KHM-B0352,Phnom Penh,104.5,52.5,465.0,3.8,8,1,124.7
KHM-B0353,Phnom Penh,112.4,71.2,443.0,6.2,30,1,113.7
KHM-B0354,Phnom Penh,117.8,34.1,1150.0,5.3,6,0,117.0
KHM-B0355,Phnom Penh,102.5,19.0,189.0,5.4,4,1,119.1
KHM-B0356,Phnom Penh,62.6,22.0,230.0,3.6,16,0,75.1
KHM-B0357,Phnom Penh,143.2,96.0,100.0,4.8,1,1,153.5
KHM-B0358,Phnom Penh,116.9,28.7,763.0,8.4,13,1,124.2
KHM-B0359,Phnom Penh,87.1,53.9,527.0,8.0,21,0,82.2
KHM-B0360,Phnom Penh,125.9,26.5,198.0,2.0,18,1,123.7
KHM-B0361,Phnom Penh,99.9,63.9,757.0,2.0,9,0,102.1
KHM-B0362,Phnom Penh,110.2,10.4,829.0,10.2,15,0,118.3
KHM-B0363,Phnom Penh,120.2,74.1,424.0,4.8,4,0,125.0
KHM-B0364,Phnom Penh,79.7,45.5,592.0,6.2,17,0,86.9
KHM-B0365,Phnom Penh,98.1,15.5,119.0,5.2,23,1,107.6
KHM-B0366,Phnom Penh,58.7,33.1,211.0,9.2,22,1,77.9
KHM-B0367,Phnom Penh,131.3,20.3,542.0,2.0,7,0,125.3
KHM-B0368,Phnom Penh,136.1,28.4,465.0,6.0,25,0,128.8
KHM-B0369,Phnom Penh,104.1,65.0,178.0,3.3,25,0,109.7
KHM-B0370,Phnom Penh,69.3,22.1,354.0,3.0,9,0,87.1
KHM-B0371,Phnom Penh,99.4,26.4,1278.0,9.0,14,0,98.6
KHM-B0372,Phnom Penh,94.6,28.0,358.0,2.0,8,0,96.4
KHM-B0373,Phnom Penh,109.0,28.1,220.0,4.9,8,1,117.3
KHM-B0374,Phnom Penh,82.4,29.6,712.0,3.2,16,0,90.5
KHM-B0375,Phnom Penh,131.6,29.3,409.0,2.6,19,0,137.8
KHM-B0376,Phnom Penh,59.7,37.2,312.0,3.3,11,0,69.4
KHM-B0377,Phnom Penh,84.3,11.2,895.0,5.3,20,0,83.0
KHM-B0378,Phnom Penh,101.1,21.8,331.0,4.7,10,0,109.5
KHM-B0379,Phnom Penh,87.2,26.9,263.0,8.3,10,0,96.3
KHM-B0380,Phnom Penh,83.2,68.9,43.0,8.0,16,1,99.6
KHM-B0381,Phnom Penh,75.6,33.5,270.0,7.8,8,0,87.7
KHM-B0382,Phnom Penh,79.4,37.2,479.0,8.0,26,0,82.8
KHM-B0383,Phnom Penh,142.0,19.2,675.0,10.1,21,1,137.6
KHM-B0384,Phnom Penh,124.9,112.4,986.0,2.0,18,0,128.8
KHM-B0385,Phnom Penh,144.9,55.3,59.0,10.1,6,1,150.5
KHM-B0386,Phnom Penh,105.0,25.7,440.0,6.6,9,1,116.0
KHM-B0387,Phnom Penh,99.6,31.8,265.0,5.5,18,0,105.9
KHM-B0388,Phnom Penh,87.4,55.9,1115.0,6.2,25,0,90.4
KHM-B0389,Phnom Penh,124.5,14.3,467.0,3.8,16,0,118.7
KHM-B0390,Phnom Penh,111.5,45.1,388.0,4.2,18,1,102.0
KHM-B0391,Phnom Penh,88.4,21.1,291.0,7.7,6,0,90.1
KHM-B0392,Phnom Penh,99.6,112.7,368.0,6.6,11,0,107.4
KHM-B0393,Phnom Penh,64.7,52.3,475.0,5.8,28,0,71.6
KHM-B0394,Phnom Penh,98.7,14.5,478.0,7.5,29,1,100.4
KHM-B0395,Phnom Penh,50.2,51.9,298.0,7.0,24,0,74.6
KHM-B0396,Phnom Penh,78.8,31.7,233.0,7.3,10,0,90.9
KHM-B0397,Phnom Penh,72.8,18.1,422.0,6.8,30,0,76.9
KHM-B0398,Phnom Penh,71.9,19.7,990.0,8.9,20,1,92.9
KHM-B0399,Phnom Penh,95.0,96.2,345.0,6.5,20,1,114.0
KHM-B0400,Phnom Penh,130.5,41.2,534.0,7.0,8,1,132.7
KHM-B0401,Phnom Penh,94.7,54.1,207.0,4.6,13,0,99.8
KHM-B0402,Phnom Penh,72.4,108.1,227.0,4.0,6,0,74.1
KHM-B0403,Phnom Penh,84.3,23.7,257.0,6.0,15,1,98.2
KHM-B0404,Phnom Penh,93.5,63.5,1019.0,4.4,4,0,96.4
KHM-B0405,Phnom Penh,112.6,10.0,399.0,9.2,25,0,112.9
KHM-B0406,Phnom Penh,76.2,26.5,1030.0,8.4,27,1,84.2
KHM-B0407,Phnom Penh,99.7,58.1,340.0,4.3,22,0,111.1
KHM-B0408,Phnom Penh,94.8,33.5,455.0,7.3,13,0,103.6
KHM-B0409,Phnom Penh,134.7,23.8,539.0,6.6,14,0,130.2
KHM-B0410,Phnom Penh,77.2,42.1,99.0,8.0,15,1,97.4
KHM-B0411,Phnom Penh,100.0,29.9,812.0,3.0,10,0,101.1
KHM-B0412,Phnom Penh,102.4,48.7,421.0,7.0,3,0,111.0
KHM-B0413,Phnom Penh,97.1,57.8,448.0,6.0,11,0,100.7
KHM-B0414,Phnom Penh,96.8,42.6,651.0,5.5,23,0,103.1
KHM-B0415,Phnom Penh,40.0,24.1,494.0,8.3,5,0,57.4
KHM-B0416,Phnom Penh,125.2,23.0,1055.0,3.4,21,1,128.1
KHM-B0417,Phnom Penh,119.4,81.4,168.0,5.5,30,0,120.1
KHM-B0418,Phnom Penh,118.5,10.0,32.0,6.0,28,0,128.2
KHM-B0419,Phnom Penh,50.9,29.8,142.0,4.8,22,0,65.0
KHM-B0420,Phnom Penh,82.2,30.9,135.0,5.3,15,0,80.6
KHM-B0421,Phnom Penh,96.0,77.3,417.0,5.6,1,0,104.9
KHM-B0422,Phnom Penh,99.8,42.4,102.0,4.0,28,0,99.4
KHM-B0423,Phnom Penh,110.4,31.2,757.0,10.2,1,0,111.3
KHM-B0424,Phnom Penh,80.9,40.5,251.0,5.7,3,0,88.0
KHM-B0425,Phnom Penh,114.8,35.9,1157.0,5.7,5,0,111.6
KHM-B0426,Phnom Penh,121.0,25.4,806.0,8.0,12,1,130.5
KHM-B0427,Phnom Penh,102.9,10.0,284.0,9.9,17,0,112.1
KHM-B0428,Phnom Penh,92.8,24.8,594.0,5.2,24,0,89.7
KHM-B0429,Phnom Penh,93.0,22.5,595.0,10.3,8,1,103.5
KHM-B0430,Phnom Penh,118.3,25.1,582.0,6.2,28,0,126.0
KHM-B0431,Phnom Penh,97.2,36.4,971.0,5.0,20,0,104.5
KHM-B0432,Phnom Penh,109.3,24.3,297.0,4.8,3,0,114.6
KHM-B0433,Phnom Penh,114.6,13.8,420.0,6.5,2,1,128.5
KHM-B0434,Phnom Penh,75.8,33.8,546.0,5.9,21,0,83.5
KHM-B0435,Phnom Penh,87.2,18.4,520.0,6.6,10,0,106.2
KHM-B0436,Phnom Penh,83.7,50.2,576.0,8.6,5,0,83.4
KHM-B0437,Phnom Penh,111.4,37.9,89.0,4.8,26,0,112.0
KHM-B0438,Phnom Penh,114.4,36.9,432.0,7.1,5,1,114.0
KHM-B0439,Phnom Penh,88.7,25.9,380.0,7.3,22,0,102.0
KHM-B0440,Phnom Penh,93.4,15.3,196.0,7.2,6,0,103.1
KHM-B0441,Phnom Penh,126.6,53.2,577.0,8.5,26,0,125.8
KHM-B0442,Phnom Penh,98.1,22.1,324.0,8.8,14,0,106.8
KHM-B0443,Phnom Penh,97.1,80.8,917.0,10.3,27,0,105.3
KHM-B0444,Phnom Penh,126.8,29.2,244.0,9.4,21,0,130.9
KHM-B0445,Phnom Penh,108.2,12.3,370.0,9.1,23,1,119.4
KHM-B0446,Phnom Penh,137.8,17.8,350.0,4.2,26,0,128.7
KHM-B0447,Phnom Penh,79.2,33.6,162.0,5.9,26,0,89.6
KHM-B0448,Phnom Penh,102.8,51.5,510.0,5.6,1,0,107.9
KHM-B0449,Phnom Penh,61.6,31.1,600.0,6.0,2,0,77.0
KHM-B0450,Phnom Penh,104.8,27.3,275.0,5.4,18,0,111.0
KHM-B0451,Phnom Penh,49.2,17.3,269.0,7.7,28,0,64.3
KHM-B0452,Phnom Penh,96.2,19.0,1800.0,2.0,29,0,108.9
KHM-B0453,Phnom Penh,106.9,71.8,401.0,8.8,25,0,118.3
KHM-B0454,Phnom Penh,96.2,15.0,189.0,6.0,19,0,97.9
KHM-B0455,Phnom Penh,125.7,14.9,307.0,4.6,13,1,122.8
KHM-B0456,Phnom Penh,83.5,89.3,826.0,3.4,5,0,84.2
KHM-B0457,Phnom Penh,106.0,16.6,53.0,4.1,11,0,106.8
KHM-B0458,Phnom Penh,134.9,17.7,217.0,7.5,1,1,132.3
KHM-B0459,Phnom Penh,126.6,41.6,632.0,5.7,30,0,134.3
KHM-B0460,Phnom Penh,114.8,25.0,858.0,8.5,26,1,119.7
KHM-B0461,Phnom Penh,106.1,20.2,145.0,3.3,4,0,112.3
KHM-B0462,Phnom Penh,64.7,20.3,149.0,5.6,4,0,74.0
KHM-B0463,Phnom Penh,158.2,23.2,570.0,10.0,26,1,155.5
KHM-B0464,Phnom Penh,95.4,43.2,315.0,4.5,24,0,103.4
KHM-B0465,Phnom Penh,109.3,31.4,195.0,4.3,11,0,123.9
KHM-B0466,Phnom Penh,104.9,36.5,313.0,6.5,13,1,100.8
KHM-B0467,Phnom Penh,110.2,40.3,56.0,3.3,11,1,113.3
KHM-B0468,Phnom Penh,123.2,28.3,767.0,6.6,18,0,117.5
KHM-B0469,Phnom Penh,98.4,38.7,833.0,6.9,14,0,105.5
KHM-B0470,Phnom Penh,132.2,42.0,883.0,2.0,13,1,134.9
KHM-B0471,Phnom Penh,82.0,50.2,515.0,8.5,12,0,87.1
KHM-B0472,Phnom Penh,83.1,22.5,483.0,4.2,4,0,90.8
KHM-B0473,Phnom Penh,79.7,29.2,989.0,4.9,20,0,87.6
KHM-B0474,Phnom Penh,105.0,38.0,332.0,6.1,6,0,110.7
KHM-B0475,Phnom Penh,93.1,111.8,553.0,2.1,17,0,112.5
KHM-B0476,Phnom Penh,114.3,44.1,297.0,6.5,7,0,116.4
KHM-B0477,Phnom Penh,98.9,17.1,331.0,4.2,15,1,110.5
KHM-B0478,Phnom Penh,72.5,53.1,304.0,8.7,5,0,77.1
KHM-B0479,Phnom Penh,105.6,27.5,135.0,10.3,5,1,114.8
KHM-B0480,Phnom Penh,76.8,31.7,760.0,5.2,12,0,78.6
KHM-B0481,Phnom Penh,128.0,19.8,661.0,4.4,12,0,136.4
KHM-B0482,Phnom Penh,122.4,71.8,636.0,6.7,9,1,131.6
KHM-B0483,Phnom Penh,84.9,27.4,355.0,6.7,22,1,95.4
KHM-B0484,Phnom Penh,110.9,19.3,535.0,3.7,1,0,121.2
KHM-B0485,Phnom Penh,114.5,24.4,69.0,5.2,22,1,121.2
KHM-B0486,Phnom Penh,76.5,12.2,523.0,10.5,4,0,84.8
KHM-B0487,Phnom Penh,101.3,44.0,222.0,7.4,30,0,109.6
KHM-B0488,Phnom Penh,96.9,20.0,225.0,8.8,16,1,98.9
KHM-B0489,Phnom Penh,77.7,27.3,404.0,3.3,20,0,89.1
KHM-B0490,Phnom Penh,101.0,38.4,630.0,2.0,7,0,99.6
KHM-B0491,Phnom Penh,78.0,21.0,773.0,7.6,25,1,97.0
KHM-B0492,Phnom Penh,131.0,39.4,525.0,3.1,1,0,134.6
KHM-B0493,Phnom Penh,110.0,14.8,592.0,8.8,24,1,113.4
KHM-B0494,Phnom Penh,101.7,21.8,371.0,7.5,2,1,111.9
KHM-B0495,Phnom Penh,101.0,39.1,1058.0,4.8,17,1,109.8
KHM-B0496,Phnom Penh,79.6,31.4,379.0,5.6,19,0,85.4
KHM-B0497,Phnom Penh,80.2,60.5,1189.0,6.2,1,0,82.3
KHM-B0498,Phnom Penh,100.2,41.0,405.0,6.9,17,0,114.6
KHM-B0499,Phnom Penh,83.1,26.5,411.0,6.4,8,0,93.9
KHM-B0500,Phnom Penh,141.8,19.6,663.0,9.9,27,0,133.5
KHM-B0501,Phnom Penh,99.9,15.5,121.0,3.7,30,0,97.8
KHM-B0502,Phnom Penh,73.6,21.9,1719.0,6.9,24,0,93.7
KHM-B0503,Phnom Penh,115.1,19.9,267.0,7.1,2,1,131.6
KHM-B0504,Phnom Penh,125.2,33.8,445.0,10.7,25,0,120.0
KHM-B0505,Phnom Penh,109.3,21.4,643.0,5.9,5,0,114.3
KHM-B0506,Phnom Penh,93.3,27.8,416.0,5.2,1,0,85.5
KHM-B0507,Phnom Penh,90.4,25.1,237.0,5.2,15,0,100.8
KHM-B0508,Phnom Penh,53.5,26.6,394.0,3.4,17,0,67.5
KHM-B0509,Phnom Penh,81.3,25.7,356.0,2.7,20,0,84.5
KHM-B0510,Phnom Penh,82.2,35.9,496.0,5.2,23,0,91.6
KHM-B0511,Phnom Penh,51.2,40.2,1283.0,2.7,17,0,64.3
KHM-B0512,Phnom Penh,130.6,30.6,534.0,4.8,22,1,139.1
KHM-B0513,Phnom Penh,101.7,24.6,553.0,7.2,6,1,112.7
KHM-B0514,Phnom Penh,96.3,22.4,667.0,7.5,3,1,100.3
KHM-B0515,Phnom Penh,105.1,15.8,455.0,9.6,15,0,107.7
KHM-B0516,Phnom Penh,87.7,34.7,494.0,6.5,19,0,85.2
KHM-B0517,Phnom Penh,56.2,43.4,425.0,7.5,11,0,71.7
KHM-B0518,Phnom Penh,99.4,28.9,177.0,5.6,18,0,116.2
KHM-B0519,Phnom Penh,78.6,28.5,866.0,3.1,9,0,90.1
KHM-B0520,Phnom Penh,107.6,43.2,524.0,5.3,28,0,100.5
KHM-B0521,Phnom Penh,138.4,38.4,196.0,6.9,25,1,145.6
KHM-B0522,Phnom Penh,141.7,31.0,372.0,5.3,10,0,148.9
KHM-B0523,Phnom Penh,105.4,21.2,167.0,5.6,21,0,111.2
KHM-B0524,Phnom Penh,149.2,51.9,85.0,5.8,18,1,146.4
KHM-B0525,Phnom Penh,114.2,26.7,1021.0,8.2,1,1,127.1
KHM-B0526,Phnom Penh,80.3,49.4,220.0,5.5,5,0,86.9
KHM-B0527,Phnom Penh,82.6,23.1,265.0,6.9,4,0,95.6
KHM-B0528,Phnom Penh,120.9,10.6,380.0,6.0,27,0,112.0
KHM-B0529,Phnom Penh,138.4,13.6,538.0,7.7,17,0,141.3
KHM-B0530,Phnom Penh,88.7,13.3,279.0,3.6,21,0,98.8
KHM-B0531,Phnom Penh,55.6,19.3,173.0,7.6,25,0,66.5
KHM-B0532,Phnom Penh,82.3,37.1,341.0,8.5,4,0,86.1
KHM-B0533,Phnom Penh,94.1,45.8,260.0,7.7,30,0,92.1
KHM-B0534,Phnom Penh,102.8,38.7,806.0,6.6,25,0,104.8
KHM-B0535,Phnom Penh,104.7,44.7,334.0,6.5,10,1,119.2
KHM-B0536,Phnom Penh,81.0,33.6,793.0,9.1,13,0,89.1
KHM-B0537,Phnom Penh,85.6,40.5,834.0,7.5,14,0,82.8
KHM-B0538,Phnom Penh,100.5,66.3,582.0,5.7,13,0,111.8
KHM-B0539,Phnom Penh,106.6,36.4,62.0,8.8,5,1,116.7
KHM-B0540,Phnom Penh,101.8,26.3,126.0,5.5,18,1,104.3
KHM-B0541,Phnom Penh,127.6,17.4,578.0,7.9,4,0,124.4
KHM-B0542,Phnom Penh,98.9,20.6,569.0,4.7,21,0,100.4
KHM-B0543,Phnom Penh,98.0,23.5,160.0,10.1,19,0,92.6
KHM-B0544,Phnom Penh,127.5,18.6,195.0,7.2,25,0,123.4
KHM-B0545,Phnom Penh,90.0,17.1,280.0,6.1,21,0,92.2
KHM-B0546,Phnom Penh,86.8,32.8,20.0,3.9,25,0,89.3
KHM-B0547,Phnom Penh,69.2,50.1,662.0,7.7,20,0,86.9
KHM-B0548,Phnom Penh,61.9,40.0,763.0,4.4,29,0,69.7
KHM-B0549,Phnom Penh,107.3,47.2,530.0,3.4,8,1,119.4
KHM-B0550,Phnom Penh,97.0,41.4,436.0,4.8,25,0,102.3
KHM-B0551,Phnom Penh,56.2,36.1,1160.0,6.1,1,0,69.3
KHM-B0552,Phnom Penh,102.3,43.3,971.0,6.4,14,0,109.3
KHM-B0553,Phnom Penh,119.7,42.2,535.0,2.5,1,1,126.5
KHM-B0554,Phnom Penh,98.2,29.4,508.0,9.8,2,0,110.4
KHM-B0555,Phnom Penh,99.0,14.8,560.0,4.7,17,1,113.3
KHM-B0556,Phnom Penh,119.8,67.2,945.0,8.3,26,1,126.8
KHM-B0557,Phnom Penh,85.8,44.5,166.0,8.2,23,1,102.4
KHM-B0558,Phnom Penh,91.0,50.6,724.0,7.5,5,0,96.4
KHM-B0559,Phnom Penh,92.7,24.8,364.0,4.7,15,0,89.3
KHM-B0560,Phnom Penh,112.3,14.0,384.0,10.5,23,1,120.9
KHM-B0561,Phnom Penh,112.7,23.6,302.0,4.4,8,0,113.9
KHM-B0562,Phnom Penh,125.7,38.4,874.0,7.3,2,1,128.5
KHM-B0563,Phnom Penh,110.1,29.6,349.0,3.4,8,0,109.1
KHM-B0564,Phnom Penh,85.9,35.6,258.0,9.6,19,1,86.6
KHM-B0565,Phnom Penh,92.4,31.5,501.0,4.9,4,0,84.4
KHM-B0566,Phnom Penh,69.5,13.8,838.0,7.8,26,0,77.2
KHM-B0567,Phnom Penh,111.6,12.8,117.0,4.3,25,0,112.5
KHM-B0568,Phnom Penh,160.1,21.9,761.0,4.9,26,0,159.3
KHM-B0569,Phnom Penh,98.9,10.0,655.0,4.2,22,1,97.9
KHM-B0570,Phnom Penh,64.2,55.7,586.0,8.1,2,0,87.4
KHM-B0571,Phnom Penh,51.4,32.5,190.0,8.0,6,0,58.8
KHM-B0572,Phnom Penh,67.8,30.4,565.0,3.3,12,0,81.2
KHM-B0573,Phnom Penh,140.2,39.6,536.0,6.4,7,1,144.9
KHM-B0574,Phnom Penh,106.2,24.4,280.0,7.4,27,0,117.5
KHM-B0575,Phnom Penh,120.3,10.9,123.0,11.4,26,1,128.6
KHM-B0576,Phnom Penh,95.0,34.2,346.0,6.6,7,1,101.5
KHM-B0577,Phnom Penh,79.3,29.2,224.0,6.7,9,0,86.7
KHM-B0578,Phnom Penh,110.4,40.5,350.0,6.5,22,1,126.4
KHM-B0579,Phnom Penh,108.6,21.1,1025.0,3.8,3,0,101.2
KHM-B0580,Phnom Penh,146.9,36.2,113.0,9.4,28,1,144.3
KHM-B0581,Phnom Penh,98.7,28.7,661.0,9.3,7,0,106.6
KHM-B0582,Phnom Penh,135.3,26.2,139.0,6.8,7,0,131.5
KHM-B0583,Phnom Penh,68.6,47.1,506.0,6.9,9,0,77.2
KHM-B0584,Phnom Penh,80.3,34.9,344.0,9.6,6,1,101.9
KHM-B0585,Phnom Penh,99.8,24.9,272.0,4.8,28,1,112.1
KHM-B0586,Phnom Penh,54.6,14.4,239.0,5.7,18,0,75.2
KHM-B0587,Phnom Penh,94.7,35.2,412.0,8.7,29,0,102.8
KHM-B0588,Phnom Penh,76.6,36.0,577.0,6.6,15,0,83.2
KHM-B0589,Phnom Penh,74.5,25.5,954.0,5.1,1,0,71.5
KHM-B0590,Phnom Penh,90.0,18.3,596.0,8.0,16,0,99.0
KHM-B0591,Phnom Penh,87.7,40.4,640.0,8.3,7,1,89.6
KHM-B0592,Phnom Penh,136.6,34.8,816.0,2.0,2,1,133.5
KHM-B0593,Phnom Penh,121.4,13.2,688.0,7.4,26,0,122.9
KHM-B0594,Phnom Penh,129.9,29.0,732.0,8.6,5,1,124.2
KHM-B0595,Phnom Penh,84.7,25.3,67.0,7.8,17,1,106.8
KHM-B0596,Phnom Penh,101.0,25.8,1043.0,5.4,23,0,103.3
KHM-B0597,Phnom Penh,94.5,49.1,570.0,3.2,13,0,92.3
KHM-B0598,Phnom Penh,48.9,32.2,718.0,6.7,22,0,66.1
KHM-B0599,Phnom Penh,114.1,35.6,395.0,5.0,10,0,112.2
KHM-B0600,Phnom Penh,100.8,37.8,334.0,5.0,27,0,99.4
KHM-B0601,Phnom Penh,133.8,27.2,259.0,5.1,10,0,124.3
KHM-B0602,Phnom Penh,127.2,47.6,124.0,8.3,21,0,136.2
KHM-B0603,Phnom Penh,155.1,20.6,680.0,6.3,4,0,151.2
KHM-B0604,Phnom Penh,125.2,18.5,477.0,7.9,25,0,133.4
KHM-B0605,Phnom Penh,105.2,39.5,294.0,6.9,30,0,115.4
KHM-B0606,Phnom Penh,104.8,43.3,446.0,6.4,5,0,120.0
KHM-B0607,Phnom Penh,124.1,68.9,373.0,3.9,22,0,128.0
KHM-B0608,Phnom Penh,112.2,31.9,638.0,2.0,8,0,104.6
KHM-B0609,Phnom Penh,112.7,44.7,916.0,5.9,10,0,116.5
KHM-B0610,Phnom Penh,54.1,29.0,426.0,9.2,19,0,59.3
KHM-B0611,Phnom Penh,86.0,28.9,113.0,8.9,8,1,103.6
KHM-B0612,Phnom Penh,88.0,42.7,206.0,5.1,19,0,90.9
KHM-B0613,Phnom Penh,124.6,63.4,368.0,8.5,9,0,131.2
KHM-B0614,Phnom Penh,148.9,16.8,560.0,2.9,24,1,145.1
KHM-B0615,Phnom Penh,68.1,17.0,271.0,6.3,3,1,82.7
KHM-B0616,Phnom Penh,138.3,12.2,388.0,5.1,19,0,122.6
KHM-B0617,Phnom Penh,107.6,55.1,169.0,5.4,28,0,112.4
KHM-B0618,Phnom Penh,62.4,55.5,385.0,13.7,15,1,87.5
KHM-B0619,Phnom Penh,69.7,19.1,567.0,6.0,10,0,80.1
KHM-B0620,Phnom Penh,66.5,34.6,946.0,5.0,17,0,72.6
KHM-B0621,Phnom Penh,107.4,35.6,303.0,6.0,15,0,108.0
KHM-B0622,Phnom Penh,108.1,43.2,269.0,10.0,20,0,113.5
KHM-B0623,Phnom Penh,81.9,16.0,368.0,6.8,1,1,87.8
KHM-B0624,Phnom Penh,125.3,50.2,993.0,13.2,16,0,123.6
KHM-B0625,Phnom Penh,132.7,44.1,314.0,8.3,30,1,139.9
KHM-B0626,Phnom Penh,111.6,56.6,56.0,5.9,15,0,113.7
KHM-B0627,Phnom Penh,90.8,48.5,133.0,8.3,29,0,92.0
KHM-B0628,Phnom Penh,57.6,58.9,323.0,6.1,10,0,70.4
KHM-B0629,Phnom Penh,104.1,33.5,368.0,4.0,5,1,101.9
KHM-B0630,Phnom Penh,89.2,106.6,397.0,8.5,18,0,102.7
KHM-B0631,Phnom Penh,73.6,27.7,359.0,7.8,18,0,81.5
KHM-B0632,Phnom Penh,124.3,50.3,280.0,2.0,8,0,122.1
KHM-B0633,Phnom Penh,104.6,26.2,351.0,5.2,2,0,114.5
KHM-B0634,Phnom Penh,104.2,40.0,644.0,4.2,23,0,103.6
KHM-B0635,Phnom Penh,98.8,54.2,372.0,2.0,4,0,108.4
KHM-B0636,Phnom Penh,108.2,45.5,607.0,8.4,11,0,125.5
KHM-B0637,Phnom Penh,128.6,22.4,480.0,4.6,3,1,122.7
KHM-B0638,Phnom Penh,63.4,27.9,371.0,4.7,8,0,69.0
KHM-B0639,Phnom Penh,116.6,25.0,235.0,8.9,4,1,134.5
KHM-B0640,Phnom Penh,125.5,34.6,62.0,7.9,10,0,121.6
KHM-B0641,Phnom Penh,86.4,37.5,1035.0,7.3,26,0,92.4
KHM-B0642,Phnom Penh,83.5,73.4,361.0,7.2,17,1,98.7
KHM-B0643,Phnom Penh,119.4,30.8,29.0,6.0,1,0,121.3
KHM-B0644,Phnom Penh,105.2,37.5,576.0,6.8,20,1,122.5
KHM-B0645,Phnom Penh,88.7,21.5,718.0,6.2,3,0,86.8
KHM-B0646,Phnom Penh,78.9,39.3,139.0,6.7,11,0,94.6
KHM-B0647,Phnom Penh,113.3,55.3,649.0,6.5,4,1,109.1
KHM-B0648,Phnom Penh,101.8,26.6,563.0,10.4,6,0,105.4
KHM-B0649,Phnom Penh,113.9,28.4,695.0,6.5,26,0,117.6
KHM-B0650,Phnom Penh,105.0,58.7,537.0,3.7,8,0,112.7
KHM-B0651,Phnom Penh,117.3,33.3,622.0,5.7,20,0,109.8
KHM-B0652,Phnom Penh,83.8,28.3,514.0,8.6,30,0,84.4
KHM-B0653,Phnom Penh,110.5,44.0,616.0,8.4,18,1,117.2
KHM-B0654,Phnom Penh,86.1,41.4,74.0,6.9,29,0,92.6
KHM-B0655,Phnom Penh,94.7,14.7,899.0,7.3,4,0,98.7
KHM-B0656,Phnom Penh,133.5,43.6,222.0,6.6,28,1,143.0
KHM-B0657,Phnom Penh,79.5,50.6,997.0,6.7,17,0,88.5
KHM-B0658,Phnom Penh,126.7,18.0,1190.0,4.7,8,0,129.1
KHM-B0659,Phnom Penh,120.6,12.3,150.0,9.0,21,0,117.0
KHM-B0660,Phnom Penh,118.3,31.9,241.0,2.0,3,0,119.4
KHM-B0661,Phnom Penh,81.3,42.0,123.0,6.1,5,0,96.1
KHM-B0662,Phnom Penh,103.9,64.1,171.0,6.0,27,0,103.2
KHM-B0663,Phnom Penh,96.1,33.0,790.0,6.4,6,0,106.0
KHM-B0664,Phnom Penh,132.3,29.8,528.0,5.7,14,1,125.2
KHM-B0665,Phnom Penh,122.1,19.8,439.0,2.9,20,0,122.8
KHM-B0666,Phnom Penh,112.8,40.9,261.0,6.8,16,0,118.4
KHM-B0667,Phnom Penh,109.4,61.9,1168.0,6.6,7,0,117.2
KHM-B0668,Phnom Penh,113.7,26.0,135.0,6.4,3,0,108.7
KHM-B0669,Phnom Penh,88.6,40.2,1112.0,7.8,2,1,106.6
KHM-B0670,Phnom Penh,104.8,24.0,678.0,9.1,15,1,112.4
KHM-B0671,Phnom Penh,102.1,55.6,531.0,4.0,10,0,95.0
KHM-B0672,Phnom Penh,100.8,26.5,1243.0,6.3,14,0,104.7
KHM-B0673,Phnom Penh,69.8,36.8,259.0,7.4,7,0,80.4
KHM-B0674,Phnom Penh,114.4,33.4,353.0,5.3,30,1,116.5
KHM-B0675,Phnom Penh,93.8,25.2,1240.0,3.4,30,0,94.4
KHM-B0676,Phnom Penh,76.6,73.9,905.0,10.7,22,0,84.5
KHM-B0677,Phnom Penh,101.8,46.9,285.0,6.9,4,0,103.5
KHM-B0678,Phnom Penh,112.8,27.1,1800.0,4.1,17,0,119.8
KHM-B0679,Phnom Penh,88.1,30.1,1043.0,4.0,10,0,88.6
KHM-B0680,Phnom Penh,146.3,32.6,434.0,8.2,10,0,148.9
KHM-B0681,Phnom Penh,78.3,22.9,586.0,5.5,11,1,78.7
KHM-B0682,Phnom Penh,87.2,51.8,1321.0,6.0,27,0,103.5
KHM-B0683,Phnom Penh,128.5,27.6,191.0,5.6,28,0,120.7
KHM-B0684,Phnom Penh,111.2,21.5,252.0,3.9,6,0,113.5
KHM-B0685,Phnom Penh,101.8,29.0,391.0,2.0,20,0,120.3
KHM-B0686,Phnom Penh,117.5,30.5,366.0,5.5,12,0,120.5
KHM-B0687,Phnom Penh,85.3,35.7,844.0,8.2,16,1,88.8
KHM-B0688,Phnom Penh,104.6,15.3,475.0,5.3,20,1,108.0
KHM-B0689,Phnom Penh,126.6,21.5,277.0,6.1,6,0,118.6
KHM-B0690,Phnom Penh,86.3,12.5,409.0,5.5,27,0,97.4
KHM-B0691,Phnom Penh,69.9,50.0,643.0,8.9,10,1,94.6
KHM-B0692,Phnom Penh,88.1,19.3,344.0,7.6,3,1,101.6
KHM-B0693,Phnom Penh,134.3,31.7,326.0,7.3,17,1,137.5
KHM-B0694,Phnom Penh,124.6,27.0,445.0,7.9,7,1,121.2
KHM-B0695,Phnom Penh,96.0,37.5,895.0,5.0,27,0,101.0
KHM-B0696,Phnom Penh,89.5,18.7,529.0,6.0,19,0,96.9
KHM-B0697,Phnom Penh,71.8,31.8,201.0,4.3,25,0,77.3
KHM-B0698,Phnom Penh,140.1,50.8,494.0,5.8,20,1,139.7
KHM-B0699,Phnom Penh,87.6,66.1,518.0,10.4,3,0,100.1
KHM-B0700,Phnom Penh,104.9,32.0,62.0,7.4,30,0,106.3
KHM-B0701,Phnom Penh,63.6,20.2,228.0,3.7,9,0,69.6
KHM-B0702,Phnom Penh,88.7,28.1,398.0,7.3,25,0,97.1
KHM-B0703,Phnom Penh,110.0,11.6,294.0,7.7,29,1,116.6
KHM-B0704,Phnom Penh,108.3,15.0,408.0,5.4,17,1,110.5
KHM-B0705,Phnom Penh,137.0,31.9,78.0,6.3,13,1,137.2
KHM-B0706,Phnom Penh,106.5,11.6,546.0,3.9,12,0,119.2
KHM-B0707,Phnom Penh,98.0,68.0,720.0,3.7,2,0,106.7
KHM-B0708,Phnom Penh,112.4,72.9,387.0,3.5,24,1,114.7
KHM-B0709,Phnom Penh,84.7,57.0,535.0,3.9,13,0,92.3
KHM-B0710,Phnom Penh,85.7,46.8,996.0,6.0,22,0,93.4
KHM-B0711,Phnom Penh,111.0,37.7,509.0,4.8,19,0,109.9
KHM-B0712,Phnom Penh,95.8,42.9,155.0,6.0,1,0,103.5
KHM-B0713,Phnom Penh,112.8,14.2,73.0,4.6,29,0,111.0
KHM-B0714,Phnom Penh,70.3,50.7,568.0,2.0,22,0,90.6
KHM-B0715,Phnom Penh,106.2,30.3,447.0,3.8,16,1,115.0
KHM-B0716,Phnom Penh,101.6,40.1,96.0,6.2,8,1,113.6
KHM-B0717,Phnom Penh,101.3,28.7,242.0,6.2,23,0,114.3
KHM-B0718,Phnom Penh,60.4,22.2,111.0,6.0,4,0,78.6
KHM-B0719,Phnom Penh,92.1,23.3,453.0,4.4,27,0,93.2
KHM-B0720,Phnom Penh,112.6,10.0,1449.0,3.9,3,0,105.7
KHM-B0721,Phnom Penh,99.1,18.2,297.0,6.8,11,0,107.1
KHM-B0722,Phnom Penh,133.0,29.8,396.0,6.2,20,0,129.5
KHM-B0723,Phnom Penh,67.2,88.0,173.0,4.2,9,0,67.7
KHM-B0724,Phnom Penh,98.5,43.2,578.0,4.6,21,0,100.2
KHM-B0725,Phnom Penh,98.5,77.0,449.0,7.1,23,0,99.5
KHM-B0726,Phnom Penh,122.0,87.4,290.0,5.4,10,0,121.3
KHM-B0727,Phnom Penh,117.0,21.8,425.0,5.3,27,1,123.6
KHM-B0728,Phnom Penh,116.5,45.1,281.0,6.9,13,0,111.6
KHM-B0729,Phnom Penh,114.9,28.1,420.0,4.1,13,1,121.6
KHM-B0730,Phnom Penh,131.1,33.8,980.0,9.1,27,0,125.4
KHM-B0731,Phnom Penh,105.0,17.1,909.0,8.4,27,1,122.4
KHM-B0732,Phnom Penh,126.0,47.3,321.0,6.7,20,0,131.9
KHM-B0733,Phnom Penh,103.7,38.0,582.0,6.8,19,0,99.4
KHM-B0734,Phnom Penh,95.0,45.8,556.0,6.8,1,0,95.8
KHM-B0735,Phnom Penh,82.1,33.3,331.0,6.7,23,0,93.8
KHM-B0736,Phnom Penh,99.2,40.3,298.0,4.9,7,0,94.7
KHM-B0737,Phnom Penh,102.9,35.7,676.0,3.2,20,0,107.3
KHM-B0738,Phnom Penh,114.7,16.7,728.0,6.3,25,0,115.8
KHM-B0739,Phnom Penh,80.1,53.4,320.0,5.1,11,0,84.9
KHM-B0740,Phnom Penh,80.2,91.9,600.0,6.0,15,1,101.5
KHM-B0741,Phnom Penh,86.8,29.4,683.0,8.3,28,0,97.9
KHM-B0742,Phnom Penh,43.0,42.8,1424.0,7.4,9,0,57.3
KHM-B0743,Phnom Penh,80.4,27.5,350.0,4.1,6,0,79.9
KHM-B0744,Phnom Penh,106.4,29.9,386.0,7.0,27,1,121.8
KHM-B0745,Phnom Penh,92.4,41.1,170.0,10.7,14,0,106.0
KHM-B0746,Phnom Penh,97.1,35.3,584.0,6.1,6,0,105.0
KHM-B0747,Phnom Penh,104.2,13.7,161.0,4.2,4,0,106.5
KHM-B0748,Phnom Penh,59.3,17.7,631.0,7.6,23,0,73.8
KHM-B0749,Phnom Penh,109.1,10.0,1194.0,2.0,1,0,103.7
KHM-B0750,Phnom Penh,99.0,20.0,564.0,3.6,19,0,102.7
KHM-B0751,Phnom Penh,112.0,19.9,242.0,6.7,19,0,106.6
KHM-B0752,Phnom Penh,121.8,16.8,374.0,6.7,15,0,119.6
KHM-B0753,Phnom Penh,91.1,61.5,185.0,5.1,19,0,99.0
KHM-B0754,Phnom Penh,96.0,20.5,338.0,6.5,23,0,107.1
KHM-B0755,Phnom Penh,112.6,32.8,886.0,7.8,9,1,115.9
KHM-B0756,Phnom Penh,78.9,52.1,455.0,7.4,18,1,97.6
KHM-B0757,Phnom Penh,77.1,36.5,115.0,7.3,13,0,83.2
KHM-B0758,Phnom Penh,162.6,54.8,314.0,2.0,2,1,157.3
KHM-B0759,Phnom Penh,111.0,43.5,437.0,3.4,8,1,119.4
KHM-B0760,Phnom Penh,110.5,26.4,513.0,7.3,26,0,116.6
KHM-B0761,Phnom Penh,104.3,43.2,493.0,3.6,15,1,113.5
KHM-B0762,Phnom Penh,81.1,38.3,43.0,10.1,23,0,86.3
KHM-B0763,Phnom Penh,118.8,35.4,105.0,5.2,5,0,111.8
KHM-B0764,Phnom Penh,87.5,36.9,925.0,5.8,26,0,96.6
KHM-B0765,Phnom Penh,89.6,16.6,249.0,5.2,20,0,99.7
KHM-B0766,Phnom Penh,100.6,21.0,251.0,5.0,14,0,93.2
KHM-B0767,Phnom Penh,109.9,29.5,268.0,5.1,5,0,109.2
KHM-B0768,Phnom Penh,111.5,87.3,241.0,6.3,6,0,104.1
KHM-B0769,Phnom Penh,87.5,39.5,306.0,6.5,18,0,103.7
KHM-B0770,Phnom Penh,94.0,22.2,312.0,7.0,14,1,109.2
KHM-B0771,Phnom Penh,129.8,28.6,281.0,9.3,1,1,127.9
KHM-B0772,Phnom Penh,67.3,14.9,675.0,3.6,8,0,62.2
KHM-B0773,Phnom Penh,88.1,19.5,604.0,6.3,5,0,96.6
KHM-B0774,Phnom Penh,79.5,41.7,536.0,3.8,16,0,88.1
KHM-B0775,Phnom Penh,114.3,55.5,686.0,5.8,15,1,121.8
KHM-B0776,Phnom Penh,81.0,58.5,119.0,6.7,20,1,101.5
KHM-B0777,Phnom Penh,83.1,15.0,622.0,4.2,27,0,84.9
KHM-B0778,Phnom Penh,113.5,17.9,685.0,8.7,1,0,114.3
KHM-B0779,Phnom Penh,95.7,40.0,446.0,7.2,22,0,95.3
KHM-B0780,Phnom Penh,132.8,36.2,1049.0,3.1,22,1,130.6
KHM-B0781,Phnom Penh,160.1,46.1,1004.0,6.7,6,1,160.6
KHM-B0782,Phnom Penh,102.5,27.0,1317.0,9.8,8,1,108.6
KHM-B0783,Phnom Penh,105.5,10.0,456.0,2.5,7,0,92.5
KHM-B0784,Phnom Penh,144.0,34.3,150.0,3.5,22,1,136.9
KHM-B0785,Phnom Penh,108.2,60.6,973.0,4.7,22,0,108.3
KHM-B0786,Phnom Penh,118.5,34.1,1168.0,2.0,5,0,113.6
KHM-B0787,Phnom Penh,90.8,36.4,709.0,8.3,29,0,95.5
KHM-B0788,Phnom Penh,98.7,38.8,1014.0,8.5,2,1,103.4
KHM-B0789,Phnom Penh,115.2,18.4,356.0,6.3,26,0,103.2
KHM-B0790,Phnom Penh,98.2,20.8,525.0,5.2,24,1,98.3
KHM-B0791,Phnom Penh,84.4,26.2,378.0,2.0,4,0,94.4
KHM-B0792,Phnom Penh,132.6,26.2,848.0,6.0,17,0,123.3
KHM-B0793,Phnom Penh,85.0,64.5,343.0,4.6,25,0,83.1
KHM-B0794,Phnom Penh,74.9,22.2,926.0,7.5,18,0,85.9
KHM-B0795,Phnom Penh,123.3,26.3,439.0,6.4,18,1,124.2
KHM-B0796,Phnom Penh,115.9,45.6,353.0,4.0,30,0,106.4
KHM-B0797,Phnom Penh,94.3,31.1,522.0,8.2,1,1,102.1
KHM-B0798,Phnom Penh,96.0,23.9,170.0,8.0,27,0,108.2
KHM-B0799,Phnom Penh,146.5,25.1,170.0,7.4,13,0,148.8
KHM-B0800,Phnom Penh,102.5,103.9,1028.0,4.8,2,1,113.5
