muni_id,population,running,eligible,invest_per_capita_usd,region_type,share_under15_pct
KEN-M001,24862.0,-25138.0,0,224.7,rural,44.2
KEN-M002,43413.0,-6587.0,0,280.4,secondary,42.8
KEN-M003,50306.0,306.0,1,460.4,rural,41.1
KEN-M004,64562.0,14562.0,1,646.2,secondary,53.5
KEN-M005,35749.0,-14251.0,0,407.5,rural,39.5
KEN-M006,48583.0,-1417.0,0,372.9,secondary,35.4
KEN-M007,47143.0,-2857.0,0,347.9,rural,43.7
KEN-M008,47590.0,-2410.0,0,592.0,rural,40.7
KEN-M009,40924.0,-9076.0,0,304.4,rural,40.7
KEN-M010,53904.0,3904.0,1,455.4,secondary,37.1
KEN-M011,52992.0,2992.0,1,505.2,secondary,30.3
KEN-M012,52982.0,2982.0,1,406.5,secondary,43.7
KEN-M013,51872.0,1872.0,1,508.4,rural,46.5
KEN-M014,47620.0,-2380.0,0,271.7,rural,34.2
KEN-M015,19615.0,-30385.0,0,282.8,rural,40.6
KEN-M016,50095.0,95.0,1,668.5,metropolitan,48.9
KEN-M017,68068.0,18068.0,1,453.5,metropolitan,42.9
KEN-M018,19228.0,-30772.0,0,270.1,rural,45.9
KEN-M019,72206.0,22206.0,1,770.1,metropolitan,42.5
KEN-M020,33511.0,-16489.0,0,257.2,rural,34.3
KEN-M021,37709.0,-12291.0,0,241.8,rural,41.7
KEN-M022,67887.0,17887.0,1,511.2,secondary,42.2
KEN-M023,51876.0,1876.0,1,430.2,metropolitan,48.4
KEN-M024,43814.0,-6186.0,0,388.2,secondary,38.1
KEN-M025,32914.0,-17086.0,0,429.5,metropolitan,43.6
KEN-M026,40511.0,-9489.0,0,318.0,secondary,43.6
KEN-M027,67320.0,17320.0,1,625.4,rural,43.3
KEN-M028,55699.0,5699.0,1,714.8,secondary,40.8
KEN-M029,53894.0,3894.0,1,507.7,rural,39.9
KEN-M030,31566.0,-18434.0,0,452.3,secondary,44.9
KEN-M031,54073.0,4073.0,1,510.4,rural,38.0
KEN-M032,28142.0,-21858.0,0,395.0,rural,48.3
KEN-M033,62308.0,12308.0,1,552.7,rural,45.6
KEN-M034,52229.0,2229.0,1,544.5,metropolitan,31.8
KEN-M035,60514.0,10514.0,1,536.6,rural,43.0
KEN-M036,65323.0,15323.0,1,584.7,rural,45.9
KEN-M037,18888.0,-31112.0,0,307.0,secondary,39.4
KEN-M038,50173.0,173.0,1,865.2,rural,40.0
KEN-M039,46081.0,-3919.0,0,429.1,rural,34.1
KEN-M040,46351.0,-3649.0,0,357.2,metropolitan,48.5
KEN-M041,38588.0,-11412.0,0,303.4,rural,41.1
KEN-M042,57209.0,7209.0,1,663.4,rural,41.0
KEN-M043,38822.0,-11178.0,0,507.4,rural,41.4
KEN-M044,56643.0,6643.0,1,481.4,secondary,36.9
KEN-M045,38837.0,-11163.0,0,354.0,metropolitan,36.2
KEN-M046,34714.0,-15286.0,0,237.0,secondary,40.4
KEN-M047,33254.0,-16746.0,0,314.1,rural,49.6
KEN-M048,28512.0,-21488.0,0,279.8,secondary,38.3
KEN-M049,45869.0,-4131.0,0,319.9,metropolitan,41.5
KEN-M050,56937.0,6937.0,1,574.4,metropolitan,35.0
KEN-M051,59582.0,9582.0,1,577.8,rural,39.7
KEN-M052,43807.0,-6193.0,0,359.9,rural,34.4
KEN-M053,37270.0,-12730.0,0,330.1,secondary,32.0
KEN-M054,78322.0,28322.0,1,492.3,rural,36.3
KEN-M055,44621.0,-5379.0,0,511.3,metropolitan,41.0
KEN-M056,63743.0,13743.0,1,625.7,metropolitan,38.4
KEN-M057,70870.0,20870.0,1,614.2,secondary,45.7
KEN-M058,44185.0,-5815.0,0,363.5,secondary,45.8
KEN-M059,49586.0,-414.0,0,518.5,secondary,40.2
KEN-M060,49778.0,-222.0,0,351.5,metropolitan,33.8
KEN-M061,44039.0,-5961.0,0,454.6,rural,40.6
KEN-M062,39277.0,-10723.0,0,308.2,secondary,47.1
KEN-M063,56243.0,6243.0,1,534.8,secondary,46.9
KEN-M064,67073.0,17073.0,1,566.2,metropolitan,39.4
KEN-M065,79197.0,29197.0,1,530.6,rural,36.8
KEN-M066,44914.0,-5086.0,0,425.8,secondary,37.5
KEN-M067,46246.0,-3754.0,0,300.0,rural,48.2
KEN-M068,38796.0,-11204.0,0,387.3,secondary,39.6
KEN-M069,26588.0,-23412.0,0,328.6,metropolitan,48.9
KEN-M070,64033.0,14033.0,1,515.4,secondary,45.8
KEN-M071,51431.0,1431.0,1,493.7,rural,49.9
KEN-M072,68829.0,18829.0,1,655.5,rural,37.9
KEN-M073,65381.0,15381.0,1,571.9,rural,43.4
KEN-M074,55184.0,5184.0,1,484.6,secondary,48.5
KEN-M075,52486.0,2486.0,1,360.8,rural,35.3
KEN-M076,42782.0,-7218.0,0,383.8,rural,45.0
KEN-M077,60471.0,10471.0,1,653.0,secondary,39.3
KEN-M078,66388.0,16388.0,1,653.8,rural,37.3
KEN-M079,57903.0,7903.0,1,474.3,metropolitan,37.9
KEN-M080,29957.0,-20043.0,0,332.2,rural,40.8
KEN-M081,72991.0,22991.0,1,510.6,rural,39.3
KEN-M082,36134.0,-13866.0,0,497.4,metropolitan,42.3
KEN-M083,63169.0,13169.0,1,632.7,secondary,36.4
KEN-M084,52575.0,2575.0,1,619.7,metropolitan,40.9
KEN-M085,48501.0,-1499.0,0,246.5,rural,35.0
KEN-M086,68270.0,18270.0,1,654.7,secondary,45.4
KEN-M087,72367.0,22367.0,1,637.2,rural,42.0
KEN-M088,53866.0,3866.0,1,557.6,rural,39.5
KEN-M089,73567.0,23567.0,1,514.7,rural,35.4
KEN-M090,68323.0,18323.0,1,577.8,secondary,33.4
KEN-M091,43526.0,-6474.0,0,392.6,rural,37.2
KEN-M092,69253.0,19253.0,1,584.0,rural,37.0
KEN-M093,55221.0,5221.0,1,521.9,secondary,38.2
KEN-M094,28795.0,-21205.0,0,180.6,rural,44.1
KEN-M095,48711.0,-1289.0,0,400.0,metropolitan,40.0
KEN-M096,60817.0,10817.0,1,475.4,rural,38.0
KEN-M097,26715.0,-23285.0,0,266.0,metropolitan,39.8
KEN-M098,59939.0,9939.0,1,617.4,secondary,57.9
KEN-M099,60400.0,10400.0,1,474.5,rural,45.3
KEN-M100,62334.0,12334.0,1,399.0,secondary,47.1
KEN-M101,53515.0,3515.0,1,476.8,metropolitan,45.6
KEN-M102,58970.0,8970.0,1,507.4,rural,39.0
KEN-M103,48456.0,-1544.0,0,489.8,metropolitan,43.5
KEN-M104,33797.0,-16203.0,0,370.9,rural,38.6
KEN-M105,37129.0,-12871.0,0,252.0,secondary,32.9
KEN-M106,39901.0,-10099.0,0,287.1,rural,52.6
KEN-M107,25806.0,-24194.0,0,216.4,rural,34.8
KEN-M108,58035.0,8035.0,1,559.1,metropolitan,45.8
KEN-M109,35181.0,-14819.0,0,363.0,rural,34.6
KEN-M110,65853.0,15853.0,1,470.0,rural,33.6
KEN-M111,58643.0,8643.0,1,494.1,rural,36.3
KEN-M112,47042.0,-2958.0,0,319.9,rural,47.3
KEN-M113,54425.0,4425.0,1,504.2,rural,39.3
KEN-M114,33876.0,-16124.0,0,439.1,rural,46.7
KEN-M115,40464.0,-9536.0,0,413.4,secondary,46.3
KEN-M116,77173.0,27173.0,1,702.2,rural,47.9
KEN-M117,50667.0,667.0,1,470.7,rural,36.2
KEN-M118,49310.0,-690.0,0,313.0,secondary,35.4
KEN-M119,45975.0,-4025.0,0,283.2,metropolitan,40.3
KEN-M120,62532.0,12532.0,1,366.0,secondary,41.3
KEN-M121,50580.0,580.0,1,360.4,rural,37.1
KEN-M122,75185.0,25185.0,1,710.3,metropolitan,39.4
KEN-M123,45830.0,-4170.0,0,364.4,rural,42.0
KEN-M124,70396.0,20396.0,1,568.4,secondary,41.2
KEN-M125,41078.0,-8922.0,0,258.6,metropolitan,45.0
KEN-M126,47068.0,-2932.0,0,382.9,rural,36.4
KEN-M127,38062.0,-11938.0,0,189.0,metropolitan,39.3
KEN-M128,52172.0,2172.0,1,407.2,rural,38.4
KEN-M129,62702.0,12702.0,1,559.1,rural,42.0
KEN-M130,31140.0,-18860.0,0,263.2,metropolitan,36.5
KEN-M131,37567.0,-12433.0,0,309.9,rural,40.4
KEN-M132,42047.0,-7953.0,0,201.8,secondary,45.7
KEN-M133,67140.0,17140.0,1,556.7,secondary,39.4
KEN-M134,51481.0,1481.0,1,523.7,metropolitan,44.3
KEN-M135,37706.0,-12294.0,0,207.0,rural,31.7
KEN-M136,48002.0,-1998.0,0,307.2,rural,34.8
KEN-M137,70056.0,20056.0,1,755.6,rural,38.3
KEN-M138,52151.0,2151.0,1,518.4,rural,36.9
KEN-M139,32306.0,-17694.0,0,346.0,secondary,39.1
KEN-M140,64763.0,14763.0,1,566.2,metropolitan,41.2
KEN-M141,38063.0,-11937.0,0,240.0,metropolitan,36.2
KEN-M142,65222.0,15222.0,1,640.1,metropolitan,42.7
KEN-M143,52868.0,2868.0,1,456.9,metropolitan,43.7
KEN-M144,68611.0,18611.0,1,658.3,rural,42.2
KEN-M145,43227.0,-6773.0,0,452.3,secondary,45.2
KEN-M146,52760.0,2760.0,1,621.5,rural,44.6
KEN-M147,54814.0,4814.0,1,557.4,metropolitan,44.3
KEN-M148,78500.0,28500.0,1,581.2,rural,43.8
KEN-M149,36628.0,-13372.0,0,266.6,metropolitan,47.1
KEN-M150,33075.0,-16925.0,0,243.0,secondary,40.9
KEN-M151,19232.0,-30768.0,0,322.0,rural,43.0
KEN-M152,66365.0,16365.0,1,685.3,secondary,50.7
KEN-M153,33558.0,-16442.0,0,370.1,rural,42.8
KEN-M154,51628.0,1628.0,1,399.2,rural,40.1
KEN-M155,56451.0,6451.0,1,546.6,metropolitan,34.0
KEN-M156,53633.0,3633.0,1,572.7,secondary,41.0
KEN-M157,53933.0,3933.0,1,427.1,secondary,48.8
KEN-M158,42642.0,-7358.0,0,353.4,metropolitan,49.8
KEN-M159,49674.0,-326.0,0,344.0,metropolitan,41.3
KEN-M160,38149.0,-11851.0,0,226.9,metropolitan,43.2
KEN-M161,60547.0,10547.0,1,348.6,metropolitan,47.0
KEN-M162,42044.0,-7956.0,0,290.3,rural,40.2
KEN-M163,24632.0,-25368.0,0,436.5,rural,40.7
KEN-M164,21634.0,-28366.0,0,446.2,metropolitan,39.9
KEN-M165,65292.0,15292.0,1,619.8,rural,44.5
KEN-M166,67320.0,17320.0,1,599.2,metropolitan,37.3
KEN-M167,65490.0,15490.0,1,683.3,secondary,39.1
KEN-M168,61788.0,11788.0,1,504.4,rural,42.2
KEN-M169,72144.0,22144.0,1,646.8,rural,41.3
KEN-M170,73399.0,23399.0,1,674.4,rural,48.8
KEN-M171,44273.0,-5727.0,0,457.0,metropolitan,39.8
KEN-M172,46550.0,-3450.0,0,449.2,metropolitan,36.5
KEN-M173,59868.0,9868.0,1,746.6,metropolitan,39.5
KEN-M174,37636.0,-12364.0,0,277.6,rural,42.7
KEN-M175,50604.0,604.0,1,390.0,metropolitan,34.8
KEN-M176,70211.0,20211.0,1,706.1,metropolitan,44.1
KEN-M177,46684.0,-3316.0,0,299.6,secondary,31.7
KEN-M178,50454.0,454.0,1,742.7,secondary,43.0
KEN-M179,46014.0,-3986.0,0,306.7,secondary,37.3
KEN-M180,71661.0,21661.0,1,553.7,rural,44.0
KEN-M181,59275.0,9275.0,1,479.2,rural,40.5
KEN-M182,51346.0,1346.0,1,535.1,rural,37.9
KEN-M183,44843.0,-5157.0,0,399.1,secondary,39.0
KEN-M184,37356.0,-12644.0,0,307.8,rural,36.7
KEN-M185,81475.0,31475.0,1,576.4,rural,48.8
KEN-M186,48288.0,-1712.0,0,400.4,metropolitan,31.3
KEN-M187,43349.0,-6651.0,0,345.3,metropolitan,41.1
KEN-M188,28942.0,-21058.0,0,311.6,metropolitan,42.5
KEN-M189,69331.0,19331.0,1,643.7,rural,44.2
KEN-M190,53753.0,3753.0,1,519.9,rural,39.6
KEN-M191,34789.0,-15211.0,0,343.3,rural,34.5
KEN-M192,84872.0,34872.0,1,631.3,secondary,33.7
KEN-M193,60367.0,10367.0,1,508.0,rural,42.3
KEN-M194,59083.0,9083.0,1,600.5,rural,40.3
KEN-M195,55125.0,5125.0,1,613.6,metropolitan,44.6
KEN-M196,82159.0,32159.0,1,462.9,rural,45.6
KEN-M197,52103.0,2103.0,1,580.2,secondary,35.5
KEN-M198,56510.0,6510.0,1,478.7,rural,43.2
KEN-M199,51157.0,1157.0,1,451.4,rural,52.4
KEN-M200,37167.0,-12833.0,0,342.1,secondary,35.7
KEN-M201,58069.0,8069.0,1,381.4,metropolitan,33.8
KEN-M202,29332.0,-20668.0,0,268.9,rural,39.9
KEN-M203,23087.0,-26913.0,0,246.4,rural,42.3
KEN-M204,74933.0,24933.0,1,657.8,rural,44.3
KEN-M205,22942.0,-27058.0,0,211.8,metropolitan,36.4
KEN-M206,55299.0,5299.0,1,652.3,metropolitan,44.8
KEN-M207,61939.0,11939.0,1,518.5,rural,36.1
KEN-M208,19016.0,-30984.0,0,228.6,secondary,44.2
KEN-M209,55469.0,5469.0,1,465.3,metropolitan,38.7
KEN-M210,68537.0,18537.0,1,644.7,rural,42.7
KEN-M211,58008.0,8008.0,1,451.7,metropolitan,37.3
KEN-M212,50452.0,452.0,1,328.4,rural,45.9
KEN-M213,53431.0,3431.0,1,556.0,rural,34.2
KEN-M214,54088.0,4088.0,1,463.7,rural,43.7
KEN-M215,50699.0,699.0,1,474.3,rural,41.5
KEN-M216,46808.0,-3192.0,0,37.6,metropolitan,38.3
KEN-M217,63509.0,13509.0,1,468.9,rural,40.2
KEN-M218,52447.0,2447.0,1,490.9,metropolitan,41.1
KEN-M219,52763.0,2763.0,1,488.5,rural,44.2
KEN-M220,42414.0,-7586.0,0,366.8,metropolitan,48.7
KEN-M221,34902.0,-15098.0,0,423.8,rural,39.9
KEN-M222,37810.0,-12190.0,0,388.9,metropolitan,42.2
KEN-M223,46236.0,-3764.0,0,373.4,secondary,28.0
KEN-M224,68627.0,18627.0,1,580.5,metropolitan,37.8
KEN-M225,59556.0,9556.0,1,501.1,metropolitan,38.3
KEN-M226,51608.0,1608.0,1,411.9,rural,39.0
KEN-M227,54688.0,4688.0,1,597.5,metropolitan,48.2
KEN-M228,19057.0,-30943.0,0,314.8,secondary,33.0
KEN-M229,57469.0,7469.0,1,465.9,metropolitan,33.8
KEN-M230,49977.0,-23.0,0,310.8,rural,34.4
KEN-M231,39177.0,-10823.0,0,377.7,metropolitan,39.0
KEN-M232,59003.0,9003.0,1,718.5,rural,44.4
KEN-M233,51585.0,1585.0,1,637.1,rural,35.4
KEN-M234,43408.0,-6592.0,0,637.5,secondary,50.2
KEN-M235,48291.0,-1709.0,0,484.1,secondary,38.3
KEN-M236,31811.0,-18189.0,0,244.2,rural,52.2
KEN-M237,38766.0,-11234.0,0,340.0,rural,29.9
KEN-M238,44626.0,-5374.0,0,212.3,rural,34.7
KEN-M239,58592.0,8592.0,1,437.2,rural,36.8
KEN-M240,83316.0,33316.0,1,782.0,rural,40.5
KEN-M241,37978.0,-12022.0,0,329.5,secondary,43.2
KEN-M242,36217.0,-13783.0,0,198.0,metropolitan,48.3
KEN-M243,52620.0,2620.0,1,593.1,metropolitan,47.8
KEN-M244,59233.0,9233.0,1,681.4,rural,29.8
KEN-M245,40319.0,-9681.0,0,252.8,rural,45.0
KEN-M246,41250.0,-8750.0,0,528.5,secondary,35.8
KEN-M247,45826.0,-4174.0,0,347.8,secondary,39.3
KEN-M248,58797.0,8797.0,1,549.1,rural,46.0
KEN-M249,60275.0,10275.0,1,722.1,secondary,47.6
KEN-M250,52953.0,2953.0,1,409.5,rural,38.4
KEN-M251,40873.0,-9127.0,0,357.1,rural,39.6
KEN-M252,50446.0,446.0,1,462.6,secondary,34.5
KEN-M253,45481.0,-4519.0,0,293.4,rural,38.1
KEN-M254,55863.0,5863.0,1,570.9,metropolitan,45.6
KEN-M255,52773.0,2773.0,1,395.8,metropolitan,47.0
KEN-M256,39799.0,-10201.0,0,413.6,metropolitan,41.2
KEN-M257,36821.0,-13179.0,0,368.5,rural,42.7
KEN-M258,50353.0,353.0,1,510.3,rural,40.1
KEN-M259,72192.0,22192.0,1,651.9,metropolitan,38.7
KEN-M260,26110.0,-23890.0,0,413.8,rural,42.5
KEN-M261,43506.0,-6494.0,0,295.4,secondary,45.3
KEN-M262,51054.0,1054.0,1,536.5,secondary,41.1
KEN-M263,50741.0,741.0,1,465.3,metropolitan,30.2
KEN-M264,42206.0,-7794.0,0,429.5,rural,48.9
KEN-M265,60558.0,10558.0,1,537.2,rural,38.3
KEN-M266,52122.0,2122.0,1,557.9,metropolitan,42.1
KEN-M267,66706.0,16706.0,1,630.4,rural,39.8
KEN-M268,38839.0,-11161.0,0,315.8,rural,33.2
KEN-M269,46138.0,-3862.0,0,386.3,secondary,43.2
KEN-M270,82652.0,32652.0,1,740.4,secondary,33.7
KEN-M271,64620.0,14620.0,1,548.0,metropolitan,42.9
KEN-M272,39513.0,-10487.0,0,302.0,rural,37.2
KEN-M273,47023.0,-2977.0,0,342.6,metropolitan,34.9
KEN-M274,47660.0,-2340.0,0,282.4,rural,41.1
KEN-M275,38997.0,-11003.0,0,455.2,rural,40.8
KEN-M276,65000.0,15000.0,1,604.9,secondary,48.4
KEN-M277,50666.0,666.0,1,409.2,rural,36.8
KEN-M278,32186.0,-17814.0,0,307.8,rural,43.9
KEN-M279,51354.0,1354.0,1,431.3,rural,42.6
KEN-M280,86623.0,36623.0,1,742.4,metropolitan,45.8
KEN-M281,50670.0,670.0,1,531.2,secondary,33.2
KEN-M282,64624.0,14624.0,1,460.1,metropolitan,31.8
KEN-M283,30840.0,-19160.0,0,335.0,rural,42.5
KEN-M284,28407.0,-21593.0,0,314.5,metropolitan,45.0
KEN-M285,49789.0,-211.0,0,426.9,rural,36.3
KEN-M286,65804.0,15804.0,1,679.2,secondary,45.7
KEN-M287,76794.0,26794.0,1,661.5,secondary,35.9
KEN-M288,61378.0,11378.0,1,615.5,metropolitan,48.7
KEN-M289,57689.0,7689.0,1,634.9,rural,35.0
KEN-M290,25829.0,-24171.0,0,155.3,secondary,36.2
KEN-M291,56421.0,6421.0,1,662.7,rural,39.8
KEN-M292,15963.0,-34037.0,0,305.4,metropolitan,36.9
KEN-M293,45947.0,-4053.0,0,193.2,rural,40.6
KEN-M294,52582.0,2582.0,1,595.4,secondary,38.7
KEN-M295,53657.0,3657.0,1,518.3,metropolitan,35.9
KEN-M296,54063.0,4063.0,1,656.2,secondary,39.2
KEN-M297,56341.0,6341.0,1,663.3,secondary,42.3
KEN-M298,61737.0,11737.0,1,482.0,metropolitan,50.4
KEN-M299,37266.0,-12734.0,0,315.1,metropolitan,37.2
KEN-M300,35862.0,-14138.0,0,243.2,secondary,37.9
KEN-M301,23095.0,-26905.0,0,158.8,secondary,39.7
KEN-M302,37047.0,-12953.0,0,305.2,secondary,42.3
KEN-M303,65237.0,15237.0,1,490.7,metropolitan,43.5
KEN-M304,39504.0,-10496.0,0,427.5,metropolitan,44.0
KEN-M305,35461.0,-14539.0,0,293.4,rural,30.6
KEN-M306,41297.0,-8703.0,0,369.0,rural,39.7
KEN-M307,68412.0,18412.0,1,447.8,metropolitan,37.5
KEN-M308,74050.0,24050.0,1,589.2,rural,37.6
KEN-M309,54622.0,4622.0,1,453.6,rural,46.1
KEN-M310,26839.0,-23161.0,0,80.5,rural,41.6
KEN-M311,59380.0,9380.0,1,492.5,rural,30.5
KEN-M312,38017.0,-11983.0,0,301.8,rural,36.3
KEN-M313,48191.0,-1809.0,0,367.1,metropolitan,41.4
KEN-M314,77098.0,27098.0,1,830.5,rural,39.4
KEN-M315,59610.0,9610.0,1,425.6,rural,42.2
KEN-M316,31487.0,-18513.0,0,244.7,rural,39.5
KEN-M317,66678.0,16678.0,1,630.3,secondary,46.5
KEN-M318,49171.0,-829.0,0,388.8,rural,38.4
KEN-M319,48242.0,-1758.0,0,349.5,rural,41.9
KEN-M320,56894.0,6894.0,1,550.5,rural,38.0
KEN-M321,59312.0,9312.0,1,545.0,secondary,32.2
KEN-M322,54947.0,4947.0,1,511.2,secondary,38.1
KEN-M323,48982.0,-1018.0,0,365.7,rural,40.8
KEN-M324,42829.0,-7171.0,0,374.0,secondary,41.1
KEN-M325,56337.0,6337.0,1,455.5,secondary,37.9
KEN-M326,72743.0,22743.0,1,682.7,rural,40.7
KEN-M327,41957.0,-8043.0,0,302.6,rural,37.9
KEN-M328,54146.0,4146.0,1,469.0,rural,51.1
KEN-M329,52765.0,2765.0,1,572.2,rural,47.6
KEN-M330,63050.0,13050.0,1,583.2,metropolitan,37.9
KEN-M331,52857.0,2857.0,1,593.2,metropolitan,36.9
KEN-M332,63002.0,13002.0,1,694.3,secondary,43.0
KEN-M333,37441.0,-12559.0,0,412.2,secondary,49.3
KEN-M334,56932.0,6932.0,1,417.5,rural,39.2
KEN-M335,35619.0,-14381.0,0,356.6,secondary,48.5
KEN-M336,37709.0,-12291.0,0,271.9,secondary,44.4
KEN-M337,53288.0,3288.0,1,460.6,secondary,48.0
KEN-M338,47574.0,-2426.0,0,359.5,secondary,53.6
KEN-M339,38888.0,-11112.0,0,333.3,rural,47.7
KEN-M340,74634.0,24634.0,1,688.6,metropolitan,41.9
KEN-M341,54693.0,4693.0,1,542.9,rural,36.5
KEN-M342,36183.0,-13817.0,0,365.0,metropolitan,32.7
KEN-M343,70701.0,20701.0,1,623.8,rural,35.1
KEN-M344,54389.0,4389.0,1,572.1,rural,33.9
KEN-M345,47112.0,-2888.0,0,409.2,metropolitan,50.6
KEN-M346,53900.0,3900.0,1,484.5,rural,34.9
KEN-M347,63442.0,13442.0,1,682.7,metropolitan,41.6
KEN-M348,50791.0,791.0,1,533.2,secondary,42.6
KEN-M349,52176.0,2176.0,1,619.8,rural,47.6
KEN-M350,62520.0,12520.0,1,598.2,rural,35.9
KEN-M351,39852.0,-10148.0,0,439.0,rural,38.5
KEN-M352,46919.0,-3081.0,0,380.9,secondary,52.2
KEN-M353,56737.0,6737.0,1,480.1,secondary,42.0
KEN-M354,35794.0,-14206.0,0,350.0,metropolitan,37.2
KEN-M355,41922.0,-8078.0,0,266.5,metropolitan,41.4
KEN-M356,44833.0,-5167.0,0,359.8,metropolitan,42.7
KEN-M357,54290.0,4290.0,1,501.1,secondary,44.3
KEN-M358,78471.0,28471.0,1,712.7,metropolitan,40.0
KEN-M359,47454.0,-2546.0,0,402.3,rural,43.8
KEN-M360,45260.0,-4740.0,0,309.0,secondary,50.9
KEN-M361,80207.0,30207.0,1,676.8,rural,42.0
KEN-M362,52385.0,2385.0,1,584.6,rural,44.6
KEN-M363,52397.0,2397.0,1,567.1,rural,37.7
KEN-M364,51262.0,1262.0,1,647.6,rural,39.0
KEN-M365,66661.0,16661.0,1,468.0,metropolitan,34.0
KEN-M366,39645.0,-10355.0,0,265.9,secondary,41.6
KEN-M367,31103.0,-18897.0,0,375.6,rural,42.0
KEN-M368,44972.0,-5028.0,0,554.2,metropolitan,33.5
KEN-M369,61870.0,11870.0,1,506.2,metropolitan,41.4
KEN-M370,49037.0,-963.0,0,435.2,secondary,41.2
KEN-M371,37700.0,-12300.0,0,365.5,rural,43.9
KEN-M372,50497.0,497.0,1,404.8,rural,37.1
KEN-M373,66554.0,16554.0,1,391.3,rural,43.3
KEN-M374,44624.0,-5376.0,0,307.4,secondary,35.3
KEN-M375,35023.0,-14977.0,0,285.6,rural,33.9
KEN-M376,29429.0,-20571.0,0,253.4,metropolitan,45.1
KEN-M377,45341.0,-4659.0,0,402.1,rural,39.5
KEN-M378,35777.0,-14223.0,0,335.1,rural,49.9
KEN-M379,50258.0,258.0,1,339.6,rural,42.5
KEN-M380,47696.0,-2304.0,0,326.4,secondary,48.5
KEN-M381,66517.0,16517.0,1,741.4,rural,36.6
KEN-M382,57012.0,7012.0,1,485.3,rural,32.7
KEN-M383,45592.0,-4408.0,0,495.0,rural,50.0
KEN-M384,28237.0,-21763.0,0,358.8,secondary,42.2
KEN-M385,46526.0,-3474.0,0,301.3,rural,41.5
KEN-M386,44854.0,-5146.0,0,348.1,rural,51.1
KEN-M387,45965.0,-4035.0,0,274.4,rural,36.0
KEN-M388,23423.0,-26577.0,0,258.1,secondary,43.2
KEN-M389,75634.0,25634.0,1,668.8,metropolitan,42.2
KEN-M390,48974.0,-1026.0,0,262.9,secondary,40.2
KEN-M391,45067.0,-4933.0,0,284.8,secondary,36.2
KEN-M392,62363.0,12363.0,1,520.8,secondary,41.3
KEN-M393,39359.0,-10641.0,0,259.3,secondary,40.4
KEN-M394,51518.0,1518.0,1,540.4,metropolitan,42.5
KEN-M395,41278.0,-8722.0,0,229.3,secondary,38.3
KEN-M396,64490.0,14490.0,1,620.4,rural,33.5
KEN-M397,49798.0,-202.0,0,362.9,rural,35.3
KEN-M398,54607.0,4607.0,1,696.7,secondary,44.4
KEN-M399,49446.0,-554.0,0,392.3,rural,47.9
KEN-M400,62928.0,12928.0,1,413.0,secondary,31.4
KEN-M401,34663.0,-15337.0,0,357.9,secondary,40.3
KEN-M402,75029.0,25029.0,1,586.8,rural,43.5
KEN-M403,26296.0,-23704.0,0,345.1,rural,39.0
KEN-M404,42539.0,-7461.0,0,342.6,secondary,40.9
KEN-M405,39472.0,-10528.0,0,380.4,rural,35.2
KEN-M406,59696.0,9696.0,1,551.9,metropolitan,43.9
KEN-M407,48870.0,-1130.0,0,349.5,metropolitan,40.5
KEN-M408,61886.0,11886.0,1,521.6,metropolitan,32.8
KEN-M409,40547.0,-9453.0,0,392.5,metropolitan,43.9
KEN-M410,49013.0,-987.0,0,446.0,rural,49.2
KEN-M411,44371.0,-5629.0,0,329.1,rural,43.2
KEN-M412,53597.0,3597.0,1,328.4,rural,41.8
KEN-M413,58019.0,8019.0,1,499.0,rural,34.6
KEN-M414,48192.0,-1808.0,0,505.4,metropolitan,34.6
KEN-M415,54093.0,4093.0,1,564.9,rural,34.1
KEN-M416,69273.0,19273.0,1,544.8,rural,45.3
KEN-M417,37089.0,-12911.0,0,409.8,metropolitan,44.4
KEN-M418,59590.0,9590.0,1,439.1,secondary,44.2
KEN-M419,32192.0,-17808.0,0,288.0,metropolitan,45.1
KEN-M420,52509.0,2509.0,1,630.0,secondary,34.5
KEN-M421,57584.0,7584.0,1,680.0,secondary,41.0
KEN-M422,39366.0,-10634.0,0,446.1,rural,40.8
KEN-M423,33374.0,-16626.0,0,196.6,metropolitan,39.6
KEN-M424,44047.0,-5953.0,0,303.3,rural,33.9
KEN-M425,53943.0,3943.0,1,610.0,secondary,48.1
KEN-M426,48219.0,-1781.0,0,327.6,rural,38.5
KEN-M427,50202.0,202.0,1,400.3,rural,39.2
KEN-M428,47320.0,-2680.0,0,358.7,rural,47.8
KEN-M429,48289.0,-1711.0,0,415.6,secondary,33.0
KEN-M430,49565.0,-435.0,0,375.8,rural,42.6
KEN-M431,36040.0,-13960.0,0,481.4,metropolitan,41.3
KEN-M432,36437.0,-13563.0,0,333.5,rural,42.7
KEN-M433,27974.0,-22026.0,0,364.8,rural,39.2
KEN-M434,72999.0,22999.0,1,705.3,secondary,38.4
KEN-M435,41380.0,-8620.0,0,360.5,rural,39.2
KEN-M436,53311.0,3311.0,1,462.2,rural,29.4
KEN-M437,50948.0,948.0,1,414.5,metropolitan,40.2
KEN-M438,62682.0,12682.0,1,684.0,rural,40.7
KEN-M439,58232.0,8232.0,1,527.8,rural,43.7
KEN-M440,77244.0,27244.0,1,605.0,metropolitan,38.4
KEN-M441,45232.0,-4768.0,0,371.5,secondary,46.6
KEN-M442,58836.0,8836.0,1,511.2,secondary,40.8
KEN-M443,22347.0,-27653.0,0,152.0,rural,35.6
KEN-M444,54299.0,4299.0,1,474.9,rural,33.6
KEN-M445,36364.0,-13636.0,0,343.1,rural,36.6
KEN-M446,37169.0,-12831.0,0,340.5,metropolitan,41.5
KEN-M447,38235.0,-11765.0,0,454.0,metropolitan,33.0
KEN-M448,34725.0,-15275.0,0,387.6,rural,34.6
KEN-M449,51164.0,1164.0,1,495.5,rural,37.3
KEN-M450,56309.0,6309.0,1,539.1,secondary,33.5
KEN-M451,67299.0,17299.0,1,699.2,secondary,36.6
KEN-M452,55025.0,5025.0,1,707.9,rural,37.3
KEN-M453,56631.0,6631.0,1,545.5,rural,43.3
KEN-M454,67153.0,17153.0,1,583.5,metropolitan,30.7
KEN-M455,72507.0,22507.0,1,585.6,metropolitan,42.9
KEN-M456,42904.0,-7096.0,0,236.3,secondary,39.4
KEN-M457,38815.0,-11185.0,0,329.2,metropolitan,38.6
KEN-M458,61746.0,11746.0,1,595.3,metropolitan,44.0
KEN-M459,46706.0,-3294.0,0,321.6,metropolitan,34.0
KEN-M460,32475.0,-17525.0,0,407.9,metropolitan,43.6
KEN-M461,36370.0,-13630.0,0,271.6,metropolitan,47.9
KEN-M462,48703.0,-1297.0,0,340.8,metropolitan,37.7
KEN-M463,89471.0,39471.0,1,758.5,rural,42.0
KEN-M464,68112.0,18112.0,1,404.8,secondary,44.8
KEN-M465,38731.0,-11269.0,0,320.6,secondary,40.5
KEN-M466,58072.0,8072.0,1,468.5,rural,46.1
KEN-M467,79205.0,29205.0,1,633.7,rural,34.8
KEN-M468,50005.0,5.0,1,464.5,metropolitan,31.5
KEN-M469,47442.0,-2558.0,0,404.6,metropolitan,37.3
KEN-M470,53985.0,3985.0,1,546.8,rural,48.7
KEN-M471,55233.0,5233.0,1,567.7,rural,40.8
KEN-M472,58362.0,8362.0,1,644.8,metropolitan,42.0
KEN-M473,36214.0,-13786.0,0,414.1,rural,41.6
KEN-M474,59840.0,9840.0,1,603.0,metropolitan,36.3
KEN-M475,47449.0,-2551.0,0,283.7,rural,38.5
KEN-M476,71306.0,21306.0,1,586.3,metropolitan,31.2
KEN-M477,67847.0,17847.0,1,540.2,rural,39.7
KEN-M478,39615.0,-10385.0,0,444.3,rural,34.2
KEN-M479,79256.0,29256.0,1,542.6,secondary,42.1
KEN-M480,75451.0,25451.0,1,583.8,metropolitan,43.9
KEN-M481,60318.0,10318.0,1,382.6,metropolitan,41.5
KEN-M482,50775.0,775.0,1,433.3,rural,47.0
KEN-M483,50007.0,7.0,1,440.0,metropolitan,40.8
KEN-M484,39072.0,-10928.0,0,335.4,metropolitan,57.3
KEN-M485,50753.0,753.0,1,630.5,secondary,46.0
KEN-M486,34968.0,-15032.0,0,283.8,metropolitan,44.4
KEN-M487,51381.0,1381.0,1,662.0,metropolitan,44.2
KEN-M488,43185.0,-6815.0,0,485.7,metropolitan,45.0
KEN-M489,71734.0,21734.0,1,687.6,rural,40.1
KEN-M490,41559.0,-8441.0,0,199.1,rural,41.6
KEN-M491,39912.0,-10088.0,0,288.2,metropolitan,40.8
KEN-M492,41840.0,-8160.0,0,285.4,rural,49.0
KEN-M493,67033.0,17033.0,1,615.6,rural,36.4
KEN-M494,47965.0,-2035.0,0,308.3,metropolitan,38.0
KEN-M495,64002.0,14002.0,1,596.5,rural,36.3
KEN-M496,49366.0,-634.0,0,586.6,secondary,45.2
KEN-M497,61382.0,11382.0,1,597.4,metropolitan,40.0
KEN-M498,53042.0,3042.0,1,399.3,rural,53.3
KEN-M499,62645.0,12645.0,1,519.9,metropolitan,38.9
KEN-M500,52653.0,2653.0,1,461.2,rural,38.7
KEN-M501,51259.0,1259.0,1,567.7,metropolitan,41.7
KEN-M502,28947.0,-21053.0,0,326.3,rural,47.1
KEN-M503,37675.0,-12325.0,0,307.6,rural,37.8
KEN-M504,29169.0,-20831.0,0,331.4,metropolitan,39.3
KEN-M505,68141.0,18141.0,1,605.4,rural,49.9
KEN-M506,55795.0,5795.0,1,509.2,rural,39.4
KEN-M507,51109.0,1109.0,1,458.2,rural,36.9
KEN-M508,38540.0,-11460.0,0,429.9,rural,41.3
KEN-M509,78783.0,28783.0,1,673.1,rural,38.6
KEN-M510,52299.0,2299.0,1,366.7,metropolitan,40.1
KEN-M511,32985.0,-17015.0,0,309.4,rural,48.8
KEN-M512,63543.0,13543.0,1,553.7,rural,49.5
KEN-M513,48080.0,-1920.0,0,457.4,rural,40.0
KEN-M514,59696.0,9696.0,1,497.4,secondary,34.4
KEN-M515,15000.0,-35000.0,0,347.0,secondary,44.7
KEN-M516,47917.0,-2083.0,0,322.7,rural,45.7
KEN-M517,33242.0,-16758.0,0,288.2,rural,34.4
KEN-M518,36944.0,-13056.0,0,336.6,rural,35.4
KEN-M519,30349.0,-19651.0,0,274.8,metropolitan,40.7
KEN-M520,62010.0,12010.0,1,586.2,rural,39.5
KEN-M521,60011.0,10011.0,1,622.4,rural,42.8
KEN-M522,58498.0,8498.0,1,631.1,metropolitan,44.8
KEN-M523,56140.0,6140.0,1,480.0,rural,35.3
KEN-M524,45776.0,-4224.0,0,433.8,rural,43.7
KEN-M525,57696.0,7696.0,1,613.8,metropolitan,40.4
KEN-M526,62002.0,12002.0,1,428.8,metropolitan,36.6
KEN-M527,44914.0,-5086.0,0,491.6,metropolitan,31.5
KEN-M528,53434.0,3434.0,1,606.0,secondary,42.4
KEN-M529,34448.0,-15552.0,0,265.8,metropolitan,47.1
KEN-M530,60408.0,10408.0,1,721.4,rural,46.5
KEN-M531,58602.0,8602.0,1,573.9,rural,40.3
KEN-M532,34260.0,-15740.0,0,243.6,rural,38.8
KEN-M533,27125.0,-22875.0,0,412.6,metropolitan,39.4
KEN-M534,42201.0,-7799.0,0,377.8,secondary,34.0
KEN-M535,38455.0,-11545.0,0,277.3,metropolitan,44.7
KEN-M536,73938.0,23938.0,1,503.6,rural,36.5
KEN-M537,58415.0,8415.0,1,422.8,rural,47.3
KEN-M538,65577.0,15577.0,1,554.1,secondary,40.5
KEN-M539,47890.0,-2110.0,0,542.8,metropolitan,40.5
KEN-M540,40590.0,-9410.0,0,417.2,metropolitan,44.5
KEN-M541,50788.0,788.0,1,617.8,metropolitan,42.3
KEN-M542,59992.0,9992.0,1,499.5,metropolitan,31.4
KEN-M543,38484.0,-11516.0,0,227.6,rural,38.1
KEN-M544,67931.0,17931.0,1,602.9,metropolitan,47.3
KEN-M545,72411.0,22411.0,1,664.5,secondary,38.5
KEN-M546,51319.0,1319.0,1,455.8,metropolitan,33.4
KEN-M547,32923.0,-17077.0,0,455.2,rural,44.5
KEN-M548,81456.0,31456.0,1,545.8,metropolitan,34.7
KEN-M549,60520.0,10520.0,1,609.7,secondary,44.3
KEN-M550,46757.0,-3243.0,0,264.6,rural,47.4
KEN-M551,55395.0,5395.0,1,543.3,rural,31.9
KEN-M552,24387.0,-25613.0,0,309.2,secondary,37.3
KEN-M553,27149.0,-22851.0,0,273.7,secondary,42.5
KEN-M554,56539.0,6539.0,1,553.8,metropolitan,33.6
KEN-M555,68187.0,18187.0,1,531.2,rural,40.9
KEN-M556,30521.0,-19479.0,0,216.2,rural,46.7
KEN-M557,41273.0,-8727.0,0,416.6,secondary,44.4
KEN-M558,33599.0,-16401.0,0,295.6,secondary,46.0
KEN-M559,35775.0,-14225.0,0,235.7,rural,36.3
KEN-M560,51689.0,1689.0,1,647.9,secondary,39.1
KEN-M561,40108.0,-9892.0,0,420.8,rural,38.4
KEN-M562,46443.0,-3557.0,0,365.4,secondary,43.2
KEN-M563,37011.0,-12989.0,0,341.2,rural,38.6
KEN-M564,48757.0,-1243.0,0,395.3,rural,39.9
KEN-M565,51375.0,1375.0,1,539.3,rural,49.8
KEN-M566,56563.0,6563.0,1,518.1,rural,33.1
KEN-M567,81191.0,31191.0,1,533.8,secondary,51.5
KEN-M568,57213.0,7213.0,1,575.5,secondary,38.4
KEN-M569,42769.0,-7231.0,0,303.4,metropolitan,41.8
KEN-M570,63679.0,13679.0,1,581.2,metropolitan,38.7
KEN-M571,64504.0,14504.0,1,479.3,secondary,39.4
KEN-M572,37401.0,-12599.0,0,272.4,metropolitan,38.7
KEN-M573,15000.0,-35000.0,0,473.5,metropolitan,26.2
KEN-M574,63456.0,13456.0,1,675.0,rural,49.0
KEN-M575,27099.0,-22901.0,0,340.3,rural,38.2
KEN-M576,74100.0,24100.0,1,631.5,rural,43.5
KEN-M577,62418.0,12418.0,1,665.4,metropolitan,42.2
KEN-M578,50523.0,523.0,1,417.6,metropolitan,37.4
KEN-M579,73346.0,23346.0,1,659.0,rural,33.5
KEN-M580,45579.0,-4421.0,0,379.3,rural,41.5
KEN-M581,32576.0,-17424.0,0,284.3,rural,40.2
KEN-M582,64099.0,14099.0,1,377.2,metropolitan,45.5
KEN-M583,54822.0,4822.0,1,552.8,rural,46.9
KEN-M584,45555.0,-4445.0,0,417.7,secondary,39.2
KEN-M585,45158.0,-4842.0,0,412.3,rural,43.4
KEN-M586,23061.0,-26939.0,0,305.2,secondary,38.5
KEN-M587,44341.0,-5659.0,0,400.2,secondary,42.2
KEN-M588,47772.0,-2228.0,0,394.3,secondary,42.4
KEN-M589,24101.0,-25899.0,0,225.3,secondary,46.8
KEN-M590,43204.0,-6796.0,0,313.7,rural,31.3
KEN-M591,67568.0,17568.0,1,706.3,metropolitan,48.0
KEN-M592,64741.0,14741.0,1,503.7,rural,32.2
KEN-M593,65342.0,15342.0,1,489.5,secondary,41.5
KEN-M594,41746.0,-8254.0,0,411.7,metropolitan,43.9
KEN-M595,83537.0,33537.0,1,496.8,metropolitan,42.2
KEN-M596,78795.0,28795.0,1,764.2,rural,39.1
KEN-M597,40773.0,-9227.0,0,262.7,metropolitan,37.2
KEN-M598,31715.0,-18285.0,0,337.7,rural,32.3
KEN-M599,60192.0,10192.0,1,426.5,rural,42.7
KEN-M600,65393.0,15393.0,1,592.9,metropolitan,41.6
KEN-M601,45933.0,-4067.0,0,478.3,rural,42.0
KEN-M602,56868.0,6868.0,1,383.4,secondary,44.1
KEN-M603,55138.0,5138.0,1,407.3,rural,37.7
KEN-M604,91996.0,41996.0,1,644.1,metropolitan,40.6
KEN-M605,25914.0,-24086.0,0,327.1,metropolitan,45.7
KEN-M606,67483.0,17483.0,1,628.3,rural,37.8
KEN-M607,57332.0,7332.0,1,534.3,rural,44.1
KEN-M608,50518.0,518.0,1,485.9,rural,37.1
KEN-M609,44948.0,-5052.0,0,392.6,rural,43.4
KEN-M610,48240.0,-1760.0,0,362.6,secondary,40.1
KEN-M611,15000.0,-35000.0,0,341.2,rural,33.0
KEN-M612,40109.0,-9891.0,0,243.9,secondary,36.6
KEN-M613,51268.0,1268.0,1,601.4,rural,32.8
KEN-M614,66985.0,16985.0,1,621.1,rural,38.7
KEN-M615,49854.0,-146.0,0,295.1,metropolitan,34.3
KEN-M616,71085.0,21085.0,1,652.9,metropolitan,39.3
KEN-M617,69835.0,19835.0,1,523.3,rural,46.1
KEN-M618,38607.0,-11393.0,0,292.2,metropolitan,41.0
KEN-M619,68846.0,18846.0,1,522.4,secondary,28.5
KEN-M620,49149.0,-851.0,0,299.4,secondary,41.1
KEN-M621,67457.0,17457.0,1,588.6,metropolitan,37.1
KEN-M622,28603.0,-21397.0,0,357.3,rural,49.8
KEN-M623,20741.0,-29259.0,0,185.1,rural,45.7
KEN-M624,66014.0,16014.0,1,500.8,secondary,48.1
KEN-M625,71904.0,21904.0,1,654.2,rural,50.7
KEN-M626,41678.0,-8322.0,0,324.8,rural,41.2
KEN-M627,54424.0,4424.0,1,370.0,metropolitan,49.5
KEN-M628,62667.0,12667.0,1,508.0,metropolitan,38.7
KEN-M629,58870.0,8870.0,1,599.0,secondary,41.8
KEN-M630,58724.0,8724.0,1,404.8,rural,46.4
KEN-M631,48075.0,-1925.0,0,292.6,rural,39.0
KEN-M632,40361.0,-9639.0,0,328.0,rural,37.2
KEN-M633,64199.0,14199.0,1,610.0,secondary,39.9
KEN-M634,68401.0,18401.0,1,497.8,metropolitan,35.0
KEN-M635,58587.0,8587.0,1,571.9,rural,39.0
KEN-M636,28671.0,-21329.0,0,355.3,metropolitan,42.1
KEN-M637,33426.0,-16574.0,0,359.2,secondary,31.4
KEN-M638,46793.0,-3207.0,0,257.1,secondary,36.8
KEN-M639,51559.0,1559.0,1,757.5,metropolitan,38.6
KEN-M640,32413.0,-17587.0,0,393.9,metropolitan,44.2
KEN-M641,40768.0,-9232.0,0,515.1,rural,37.5
KEN-M642,64430.0,14430.0,1,474.7,secondary,44.2
KEN-M643,55080.0,5080.0,1,488.9,secondary,45.6
KEN-M644,79666.0,29666.0,1,523.7,rural,46.5
KEN-M645,33657.0,-16343.0,0,300.7,rural,40.6
KEN-M646,32219.0,-17781.0,0,298.1,secondary,34.6
KEN-M647,73216.0,23216.0,1,606.6,metropolitan,43.8
KEN-M648,62733.0,12733.0,1,524.5,secondary,49.8
KEN-M649,27597.0,-22403.0,0,383.3,rural,38.5
KEN-M650,50974.0,974.0,1,408.8,rural,42.8
KEN-M651,60475.0,10475.0,1,639.5,rural,40.1
KEN-M652,71145.0,21145.0,1,538.3,secondary,38.6
KEN-M653,53171.0,3171.0,1,498.4,metropolitan,48.3
KEN-M654,58732.0,8732.0,1,483.1,secondary,40.6
KEN-M655,32719.0,-17281.0,0,276.2,metropolitan,41.3
KEN-M656,42851.0,-7149.0,0,439.8,metropolitan,38.9
KEN-M657,66364.0,16364.0,1,549.7,rural,34.0
KEN-M658,50681.0,681.0,1,493.4,rural,36.5
KEN-M659,46271.0,-3729.0,0,387.4,rural,41.8
KEN-M660,46961.0,-3039.0,0,253.7,rural,41.9
KEN-M661,39563.0,-10437.0,0,205.4,metropolitan,34.2
KEN-M662,42987.0,-7013.0,0,458.4,metropolitan,45.4
KEN-M663,75030.0,25030.0,1,557.4,secondary,39.2
KEN-M664,75825.0,25825.0,1,548.1,secondary,32.4
KEN-M665,73843.0,23843.0,1,546.0,rural,44.3
KEN-M666,39177.0,-10823.0,0,315.4,secondary,38.9
KEN-M667,44313.0,-5687.0,0,383.4,metropolitan,42.2
KEN-M668,77879.0,27879.0,1,613.9,rural,34.1
KEN-M669,51343.0,1343.0,1,481.4,rural,34.1
KEN-M670,51496.0,1496.0,1,517.0,metropolitan,39.0
KEN-M671,52917.0,2917.0,1,510.3,metropolitan,45.5
KEN-M672,46853.0,-3147.0,0,370.5,metropolitan,42.0
KEN-M673,26501.0,-23499.0,0,329.2,metropolitan,34.5
KEN-M674,56671.0,6671.0,1,543.0,rural,43.2
KEN-M675,53278.0,3278.0,1,459.5,secondary,41.1
KEN-M676,39279.0,-10721.0,0,278.3,secondary,41.4
KEN-M677,49546.0,-454.0,0,387.8,rural,43.1
KEN-M678,65021.0,15021.0,1,592.5,rural,39.2
KEN-M679,47981.0,-2019.0,0,462.4,secondary,31.8
KEN-M680,49554.0,-446.0,0,506.3,rural,43.7
KEN-M681,32101.0,-17899.0,0,345.3,secondary,49.1
KEN-M682,22951.0,-27049.0,0,413.4,rural,42.3
KEN-M683,53995.0,3995.0,1,590.3,metropolitan,44.0
KEN-M684,58291.0,8291.0,1,441.7,secondary,39.1
KEN-M685,33581.0,-16419.0,0,238.2,rural,44.7
KEN-M686,43732.0,-6268.0,0,267.4,secondary,43.4
KEN-M687,22599.0,-27401.0,0,269.6,rural,42.9
KEN-M688,44723.0,-5277.0,0,341.3,metropolitan,43.3
KEN-M689,43879.0,-6121.0,0,418.8,metropolitan,44.3
KEN-M690,45856.0,-4144.0,0,428.1,rural,49.5
KEN-M691,85149.0,35149.0,1,700.4,rural,45.1
KEN-M692,56065.0,6065.0,1,445.5,rural,43.6
KEN-M693,59772.0,9772.0,1,513.9,metropolitan,43.8
KEN-M694,59185.0,9185.0,1,684.8,secondary,40.9
KEN-M695,52941.0,2941.0,1,557.8,metropolitan,33.5
KEN-M696,60120.0,10120.0,1,575.4,rural,37.5
KEN-M697,38803.0,-11197.0,0,386.0,rural,46.5
KEN-M698,75149.0,25149.0,1,568.9,metropolitan,45.4
KEN-M699,34299.0,-15701.0,0,287.8,rural,43.9
KEN-M700,41105.0,-8895.0,0,344.1,secondary,43.1
KEN-M701,37025.0,-12975.0,0,326.3,metropolitan,44.9
KEN-M702,46947.0,-3053.0,0,350.0,rural,35.9
KEN-M703,51418.0,1418.0,1,513.2,rural,34.9
KEN-M704,42579.0,-7421.0,0,348.7,secondary,47.9
KEN-M705,59024.0,9024.0,1,600.0,rural,38.4
KEN-M706,29539.0,-20461.0,0,202.9,rural,43.7
KEN-M707,37599.0,-12401.0,0,112.8,rural,39.9
KEN-M708,46284.0,-3716.0,0,433.6,rural,36.7
KEN-M709,48668.0,-1332.0,0,320.9,rural,45.3
KEN-M710,27399.0,-22601.0,0,392.9,metropolitan,36.9
KEN-M711,47530.0,-2470.0,0,211.0,secondary,36.2
KEN-M712,59107.0,9107.0,1,595.9,rural,35.3
KEN-M713,67252.0,17252.0,1,540.0,metropolitan,33.5
KEN-M714,50640.0,640.0,1,552.3,secondary,44.5
KEN-M715,34138.0,-15862.0,0,217.2,metropolitan,38.0
KEN-M716,64952.0,14952.0,1,429.8,secondary,51.8
KEN-M717,57803.0,7803.0,1,488.9,secondary,38.0
KEN-M718,43572.0,-6428.0,0,254.4,rural,44.0
KEN-M719,46502.0,-3498.0,0,166.2,rural,46.4
KEN-M720,47537.0,-2463.0,0,424.0,secondary,51.5
KEN-M721,48890.0,-1110.0,0,454.2,metropolitan,35.0
KEN-M722,43641.0,-6359.0,0,354.0,secondary,38.8
KEN-M723,38418.0,-11582.0,0,243.1,rural,39.4
KEN-M724,30942.0,-19058.0,0,287.0,rural,41.5
KEN-M725,51031.0,1031.0,1,512.0,metropolitan,44.9
KEN-M726,49100.0,-900.0,0,332.3,rural,41.5
KEN-M727,40991.0,-9009.0,0,287.0,metropolitan,44.0
KEN-M728,44387.0,-5613.0,0,339.3,metropolitan,51.3
KEN-M729,64383.0,14383.0,1,632.2,metropolitan,36.7
KEN-M730,59414.0,9414.0,1,514.7,secondary,37.3
KEN-M731,35994.0,-14006.0,0,279.8,metropolitan,38.3
KEN-M732,53909.0,3909.0,1,576.4,secondary,51.0
KEN-M733,57346.0,7346.0,1,611.3,secondary,38.6
KEN-M734,54860.0,4860.0,1,496.4,metropolitan,46.4
KEN-M735,55225.0,5225.0,1,616.9,rural,37.6
KEN-M736,31063.0,-18937.0,0,288.2,metropolitan,29.7
KEN-M737,52110.0,2110.0,1,626.0,rural,39.4
KEN-M738,58250.0,8250.0,1,494.9,rural,45.3
KEN-M739,46315.0,-3685.0,0,444.5,rural,39.8
KEN-M740,34596.0,-15404.0,0,252.7,rural,36.1
KEN-M741,22824.0,-27176.0,0,185.0,metropolitan,33.4
KEN-M742,76759.0,26759.0,1,723.0,metropolitan,44.0
KEN-M743,29970.0,-20030.0,0,322.9,secondary,42.8
KEN-M744,52935.0,2935.0,1,520.1,metropolitan,44.6
KEN-M745,62510.0,12510.0,1,646.1,rural,36.5
KEN-M746,46522.0,-3478.0,0,395.5,rural,38.5
KEN-M747,65307.0,15307.0,1,522.5,metropolitan,36.6
KEN-M748,58301.0,8301.0,1,480.0,rural,47.4
KEN-M749,55044.0,5044.0,1,521.1,metropolitan,31.5
KEN-M750,44668.0,-5332.0,0,276.4,rural,45.0
KEN-M751,43944.0,-6056.0,0,373.5,metropolitan,37.3
KEN-M752,34436.0,-15564.0,0,195.2,secondary,46.1
KEN-M753,35187.0,-14813.0,0,358.7,secondary,43.5
KEN-M754,48150.0,-1850.0,0,393.1,secondary,45.2
KEN-M755,42793.0,-7207.0,0,307.5,metropolitan,46.0
KEN-M756,46529.0,-3471.0,0,311.7,secondary,40.0
KEN-M757,34459.0,-15541.0,0,328.4,metropolitan,39.8
KEN-M758,60461.0,10461.0,1,618.8,rural,37.2
KEN-M759,49352.0,-648.0,0,378.5,rural,44.6
KEN-M760,52048.0,2048.0,1,566.4,rural,42.5
KEN-M761,61402.0,11402.0,1,607.2,rural,40.5
KEN-M762,33805.0,-16195.0,0,427.4,rural,42.4
KEN-M763,71492.0,21492.0,1,526.2,secondary,45.5
KEN-M764,26796.0,-23204.0,0,160.5,rural,46.7
KEN-M765,47301.0,-2699.0,0,201.9,rural,29.7
KEN-M766,41079.0,-8921.0,0,398.3,metropolitan,39.5
KEN-M767,51397.0,1397.0,1,564.7,secondary,44.8
KEN-M768,60785.0,10785.0,1,578.1,rural,42.1
KEN-M769,42452.0,-7548.0,0,362.9,secondary,49.8
KEN-M770,47036.0,-2964.0,0,344.9,metropolitan,37.4
KEN-M771,64171.0,14171.0,1,599.1,rural,47.0
KEN-M772,50829.0,829.0,1,447.6,metropolitan,47.1
KEN-M773,89329.0,39329.0,1,749.4,rural,35.4
KEN-M774,39810.0,-10190.0,0,347.2,rural,43.9
KEN-M775,48841.0,-1159.0,0,431.0,rural,38.6
KEN-M776,55290.0,5290.0,1,448.0,metropolitan,52.1
KEN-M777,57596.0,7596.0,1,510.7,secondary,41.9
KEN-M778,54341.0,4341.0,1,422.1,rural,47.0
KEN-M779,54029.0,4029.0,1,511.6,metropolitan,40.6
KEN-M780,23953.0,-26047.0,0,226.6,metropolitan,55.0
KEN-M781,52213.0,2213.0,1,515.8,secondary,47.3
KEN-M782,39665.0,-10335.0,0,263.0,rural,38.7
KEN-M783,51363.0,1363.0,1,515.9,metropolitan,43.2
KEN-M784,36538.0,-13462.0,0,271.0,metropolitan,44.5
KEN-M785,48021.0,-1979.0,0,322.6,secondary,33.1
KEN-M786,69989.0,19989.0,1,628.9,rural,45.1
KEN-M787,51658.0,1658.0,1,584.5,secondary,36.1
KEN-M788,33827.0,-16173.0,0,387.7,metropolitan,40.7
KEN-M789,55483.0,5483.0,1,390.0,rural,36.9
KEN-M790,46086.0,-3914.0,0,319.8,rural,40.8
KEN-M791,51053.0,1053.0,1,652.4,rural,42.5
KEN-M792,37392.0,-12608.0,0,248.3,metropolitan,39.0
KEN-M793,39082.0,-10918.0,0,412.4,rural,36.3
KEN-M794,17523.0,-32477.0,0,191.8,rural,35.5
KEN-M795,32533.0,-17467.0,0,242.4,metropolitan,29.1
KEN-M796,55577.0,5577.0,1,439.6,metropolitan,37.6
KEN-M797,71969.0,21969.0,1,598.4,secondary,43.0
KEN-M798,48089.0,-1911.0,0,223.3,metropolitan,43.9
KEN-M799,49399.0,-601.0,0,435.1,secondary,44.1
KEN-M800,61413.0,11413.0,1,559.1,rural,44.1
KEN-M801,43239.0,-6761.0,0,532.9,rural,32.3
KEN-M802,57710.0,7710.0,1,494.0,rural,35.9
KEN-M803,47441.0,-2559.0,0,325.5,rural,39.0
KEN-M804,58945.0,8945.0,1,565.1,metropolitan,35.2
KEN-M805,37228.0,-12772.0,0,282.5,rural,49.8
KEN-M806,46869.0,-3131.0,0,441.9,metropolitan,40.7
KEN-M807,53067.0,3067.0,1,561.1,metropolitan,40.0
KEN-M808,25041.0,-24959.0,0,250.5,metropolitan,42.0
KEN-M809,91447.0,41447.0,1,726.5,rural,38.2
KEN-M810,43711.0,-6289.0,0,402.2,rural,39.1
KEN-M811,46629.0,-3371.0,0,373.9,rural,47.3
KEN-M812,42932.0,-7068.0,0,268.4,secondary,35.6
KEN-M813,56504.0,6504.0,1,658.1,secondary,35.1
KEN-M814,58286.0,8286.0,1,564.8,rural,42.6
KEN-M815,44712.0,-5288.0,0,480.0,rural,37.7
KEN-M816,48352.0,-1648.0,0,359.7,rural,37.1
KEN-M817,37901.0,-12099.0,0,417.9,secondary,41.8
KEN-M818,67448.0,17448.0,1,568.2,secondary,48.1
KEN-M819,42479.0,-7521.0,0,368.2,rural,35.2
KEN-M820,54960.0,4960.0,1,653.4,rural,37.1
KEN-M821,27282.0,-22718.0,0,263.0,secondary,43.7
KEN-M822,39567.0,-10433.0,0,233.2,secondary,41.1
KEN-M823,64542.0,14542.0,1,700.1,secondary,44.1
KEN-M824,37223.0,-12777.0,0,215.4,secondary,41.0
KEN-M825,35660.0,-14340.0,0,407.3,rural,35.7
KEN-M826,42125.0,-7875.0,0,393.1,rural,35.8
KEN-M827,81082.0,31082.0,1,815.5,metropolitan,38.2
KEN-M828,68260.0,18260.0,1,555.5,secondary,50.6
KEN-M829,67459.0,17459.0,1,609.6,rural,45.4
KEN-M830,47512.0,-2488.0,0,367.8,rural,32.4
KEN-M831,41768.0,-8232.0,0,285.1,secondary,36.5
KEN-M832,41833.0,-8167.0,0,497.0,secondary,37.4
KEN-M833,67308.0,17308.0,1,413.9,rural,39.7
KEN-M834,25280.0,-24720.0,0,297.3,rural,45.0
KEN-M835,54922.0,4922.0,1,466.7,metropolitan,39.8
KEN-M836,64752.0,14752.0,1,698.8,secondary,39.1
KEN-M837,16473.0,-33527.0,0,271.1,metropolitan,45.1
KEN-M838,50462.0,462.0,1,584.7,rural,52.1
KEN-M839,56609.0,6609.0,1,491.3,secondary,48.8
KEN-M840,72196.0,22196.0,1,617.9,rural,36.4
KEN-M841,52386.0,2386.0,1,486.5,rural,35.8
KEN-M842,46131.0,-3869.0,0,395.4,metropolitan,31.5
KEN-M843,37393.0,-12607.0,0,320.1,rural,47.7
KEN-M844,43028.0,-6972.0,0,325.2,rural,41.3
KEN-M845,42330.0,-7670.0,0,367.6,metropolitan,38.2
KEN-M846,42558.0,-7442.0,0,300.6,rural,45.5
KEN-M847,36203.0,-13797.0,0,430.4,rural,43.1
KEN-M848,37052.0,-12948.0,0,327.5,secondary,41.9
KEN-M849,32399.0,-17601.0,0,301.1,metropolitan,36.6
KEN-M850,36425.0,-13575.0,0,294.8,secondary,41.9
KEN-M851,55846.0,5846.0,1,526.2,rural,40.8
KEN-M852,31095.0,-18905.0,0,290.2,metropolitan,38.9
KEN-M853,28921.0,-21079.0,0,225.0,rural,47.7
KEN-M854,40423.0,-9577.0,0,244.0,rural,33.2
KEN-M855,46601.0,-3399.0,0,375.3,rural,42.1
KEN-M856,54616.0,4616.0,1,561.6,rural,46.7
KEN-M857,53851.0,3851.0,1,485.2,secondary,38.5
KEN-M858,70617.0,20617.0,1,484.3,metropolitan,40.0
KEN-M859,83867.0,33867.0,1,701.1,secondary,50.5
KEN-M860,79168.0,29168.0,1,748.2,metropolitan,46.7
KEN-M861,40206.0,-9794.0,0,347.3,rural,38.4
KEN-M862,36955.0,-13045.0,0,331.7,rural,42.7
KEN-M863,36343.0,-13657.0,0,264.9,rural,42.9
KEN-M864,49211.0,-789.0,0,419.5,rural,39.2
KEN-M865,74208.0,24208.0,1,537.3,rural,42.2
KEN-M866,53874.0,3874.0,1,451.0,rural,36.6
KEN-M867,54874.0,4874.0,1,308.8,rural,47.0
KEN-M868,49122.0,-878.0,0,505.4,rural,47.2
KEN-M869,52643.0,2643.0,1,557.5,metropolitan,33.5
KEN-M870,54046.0,4046.0,1,457.2,metropolitan,34.9
KEN-M871,46561.0,-3439.0,0,301.1,rural,44.3
KEN-M872,55098.0,5098.0,1,641.8,metropolitan,48.2
KEN-M873,26898.0,-23102.0,0,292.9,secondary,32.4
KEN-M874,51067.0,1067.0,1,512.9,rural,38.3
KEN-M875,76435.0,26435.0,1,545.9,rural,40.7
KEN-M876,59053.0,9053.0,1,748.0,metropolitan,38.1
KEN-M877,40885.0,-9115.0,0,183.1,rural,35.2
KEN-M878,63127.0,13127.0,1,698.4,rural,43.7
KEN-M879,46323.0,-3677.0,0,564.4,secondary,36.2
KEN-M880,27177.0,-22823.0,0,320.6,rural,37.2
KEN-M881,62067.0,12067.0,1,599.5,rural,43.0
KEN-M882,57366.0,7366.0,1,597.9,secondary,36.9
KEN-M883,51827.0,1827.0,1,479.5,secondary,35.0
KEN-M884,42655.0,-7345.0,0,421.9,rural,40.1
KEN-M885,31197.0,-18803.0,0,273.7,rural,40.7
KEN-M886,68962.0,18962.0,1,583.2,rural,45.6
KEN-M887,39370.0,-10630.0,0,359.7,secondary,37.6
KEN-M888,63311.0,13311.0,1,500.9,secondary,38.4
KEN-M889,88379.0,38379.0,1,689.9,secondary,42.4
KEN-M890,26419.0,-23581.0,0,280.9,secondary,39.3
KEN-M891,31346.0,-18654.0,0,173.2,rural,41.0
KEN-M892,63321.0,13321.0,1,636.6,rural,43.5
KEN-M893,54728.0,4728.0,1,516.8,rural,36.2
KEN-M894,64834.0,14834.0,1,589.8,metropolitan,37.3
KEN-M895,33824.0,-16176.0,0,345.0,rural,43.3
KEN-M896,73174.0,23174.0,1,526.0,rural,44.6
KEN-M897,65951.0,15951.0,1,603.8,metropolitan,43.8
KEN-M898,32319.0,-17681.0,0,312.8,rural,42.9
KEN-M899,42359.0,-7641.0,0,394.2,secondary,43.9
KEN-M900,60185.0,10185.0,1,488.4,rural,37.5
